{"stats":{"minecraft:killed":{"minecraft:skeleton":1,"minecraft:sheep":3},"minecraft:crafted":{"minecraft:stone_axe":1,"minecraft:crafting_table":1,"minecraft:spruce_planks":72,"minecraft:stick":20,"minecraft:stone_pickaxe":1,"minecraft:wooden_pickaxe":1,"minecraft:wooden_axe":1},"minecraft:custom":{"minecraft:time_since_rest":30150,"minecraft:sprint_one_cm":33018,"minecraft:play_time":30150,"minecraft:damage_taken":95,"minecraft:walk_one_cm":48476,"minecraft:mob_kills":4,"minecraft:jump":121,"minecraft:damage_dealt":439,"minecraft:time_since_death":30150,"minecraft:leave_game":1,"minecraft:total_world_time":30150,"minecraft:fall_one_cm":476,"minecraft:interact_with_crafting_table":2,"minecraft:fly_one_cm":37509},"minecraft:used":{"minecraft:stone_axe":4,"minecraft:wooden_axe":14,"minecraft:crafting_table":1,"minecraft:stone_pickaxe":17,"minecraft:wooden_pickaxe":11},"minecraft:mined":{"minecraft:coal_ore":15,"minecraft:copper_ore":6,"minecraft:stone":7,"minecraft:spruce_leaves":8,"minecraft:spruce_log":24,"minecraft:crafting_table":1},"minecraft:picked_up":{"minecraft:raw_copper":15,"minecraft:stick":3,"minecraft:crafting_table":1,"minecraft:arrow":1,"minecraft:spruce_sapling":5,"minecraft:spruce_log":21,"minecraft:coal":9,"minecraft:mutton":3,"minecraft:white_wool":3,"minecraft:cobblestone":8}},"DataVersion":3465}