{"stats":{"minecraft:killed":{"minecraft:pig":1,"minecraft:salmon":19,"minecraft:spider":1,"minecraft:sheep":10,"minecraft:skeleton":1,"minecraft:zombie":1,"grimoireofgaia:harpy":1,"minecraft:cow":2},"minecraft:dropped":{"minecraft:cooked_mutton":1,"minecraft:shield":2},"minecraft:custom":{"minecraft:interact_with_furnace":26,"minecraft:mob_kills":36,"minecraft:interact_with_crafting_table":20,"minecraft:leave_game":1,"minecraft:time_since_death":144150,"minecraft:sleep_in_bed":6,"minecraft:climb_one_cm":3358,"minecraft:time_since_rest":5990,"minecraft:sprint_one_cm":468773,"minecraft:damage_taken":840,"minecraft:walk_one_cm":344995,"minecraft:drop":3,"minecraft:damage_dealt":3336,"minecraft:swim_one_cm":123037,"minecraft:fly_one_cm":414374,"minecraft:open_chest":8,"minecraft:crouch_one_cm":397,"minecraft:play_time":144150,"minecraft:sneak_time":519,"minecraft:walk_under_water_one_cm":31187,"minecraft:boat_one_cm":57410,"minecraft:jump":1921,"minecraft:walk_on_water_one_cm":26063,"minecraft:total_world_time":144150,"minecraft:fall_one_cm":27355},"minecraft:crafted":{"minecraft:cooked_beef":2,"minecraft:stone_shovel":1,"minecraft:cooked_porkchop":1,"minecraft:crafting_table":1,"minecraft:spruce_planks":132,"minecraft:wooden_pickaxe":1,"minecraft:furnace":1,"minecraft:cooked_salmon":9,"minecraft:stone_axe":3,"minecraft:cooked_mutton":10,"minecraft:air":0,"biomesoplenty:fir_planks":112,"minecraft:shield":3,"biomesoplenty:fir_slab":42,"minecraft:stick":68,"minecraft:iron_ingot":9,"minecraft:stone_pickaxe":2,"minecraft:wooden_axe":1,"minecraft:stone_sword":1,"minecraft:chest":2,"minecraft:iron_shovel":1,"minecraft:white_bed":1,"minecraft:spruce_boat":1,"minecraft:torch":36,"biomesoplenty:fir_door":3},"minecraft:used":{"minecraft:cooked_mutton":5,"minecraft:stone_sword":7,"minecraft:iron_shovel":243,"minecraft:stone_shovel":215,"minecraft:stone_pickaxe":238,"minecraft:spruce_planks":73,"minecraft:chest":2,"minecraft:wooden_pickaxe":33,"biomesoplenty:fir_planks":14,"minecraft:cooked_salmon":9,"minecraft:cooked_chicken":5,"minecraft:salmon":3,"minecraft:torch":12,"minecraft:dirt":165,"minecraft:mutton":3,"biomesoplenty:fir_slab":37,"minecraft:crafting_table":4,"minecraft:red_bed":1,"minecraft:white_bed":4,"minecraft:spruce_boat":3,"minecraft:wooden_axe":46,"minecraft:stone_axe":177,"minecraft:potion":1,"minecraft:cobblestone":13,"biomesoplenty:fir_door":1,"minecraft:furnace":4,"minecraft:cooked_porkchop":1,"minecraft:cooked_beef":2,"minecraft:splash_potion":1},"minecraft:mined":{"minecraft:spruce_planks":1,"minecraft:white_bed":3,"minecraft:red_bed":1,"minecraft:powder_snow":31,"minecraft:crafting_table":3,"biomesoplenty:fir_slab":2,"biomesoplenty:fir_planks":4,"minecraft:grass_block":231,"minecraft:copper_ore":29,"minecraft:spruce_leaves":11,"minecraft:sugar_cane":12,"minecraft:wall_torch":2,"minecraft:spruce_sapling":1,"minecraft:furnace":3,"biomesoplenty:toadstool":21,"minecraft:iron_ore":7,"minecraft:white_carpet":9,"minecraft:spruce_log":36,"minecraft:andesite":1,"minecraft:pumpkin":13,"biomesoplenty:fir_log":28,"minecraft:grass":87,"minecraft:coal_ore":140,"biomesoplenty:fir_leaves":21,"minecraft:sand":28,"minecraft:dirt":112,"minecraft:stone":89,"minecraft:fern":107},"minecraft:picked_up":{"minecraft:crafting_table":3,"minecraft:feather":1,"grimoireofgaia:soulfire":1,"minecraft:splash_potion":1,"minecraft:salmon":13,"minecraft:leather":1,"biomesoplenty:fir_sapling":2,"biomesoplenty:fir_log":30,"minecraft:potion":1,"minecraft:string":2,"minecraft:dirt":331,"minecraft:red_bed":1,"minecraft:raw_copper":94,"minecraft:white_carpet":9,"minecraft:wheat_seeds":27,"biomesoplenty:fir_planks":3,"minecraft:spruce_planks":1,"minecraft:beef":2,"minecraft:cooked_chicken":5,"minecraft:iron_nugget":2,"minecraft:light_gray_wool":1,"minecraft:sugar_cane":31,"minecraft:furnace":3,"biomesoplenty:toadstool":25,"minecraft:raw_iron":7,"minecraft:stick":4,"minecraft:pumpkin":13,"minecraft:torch":3,"minecraft:porkchop":1,"minecraft:sand":28,"minecraft:spruce_sapling":6,"minecraft:white_bed":3,"minecraft:spruce_log":33,"minecraft:arrow":3,"minecraft:spruce_boat":3,"biomesoplenty:fir_slab":1,"minecraft:gray_wool":1,"biomesoplenty:white_petals":1,"minecraft:coal":212,"minecraft:mutton":13,"minecraft:white_wool":8,"minecraft:cobblestone":90},"minecraft:broken":{"minecraft:stone_pickaxe":1,"minecraft:stone_axe":2,"minecraft:wooden_axe":1,"minecraft:stone_shovel":1}},"DataVersion":3465}