{"stats":{"minecraft:killed":{"minecraft:sheep":4,"minecraft:skeleton":1,"minecraft:pig":1,"minecraft:salmon":15,"minecraft:cow":2},"minecraft:crafted":{"minecraft:crafting_table":1,"minecraft:spruce_planks":72,"minecraft:stick":20,"minecraft:wooden_pickaxe":1,"minecraft:stone_pickaxe":1,"minecraft:wooden_axe":1,"minecraft:white_bed":1,"minecraft:cooked_salmon":9,"minecraft:torch":16,"minecraft:stone_axe":1,"minecraft:cooked_mutton":2,"minecraft:air":0},"minecraft:custom":{"minecraft:time_since_rest":4311,"minecraft:interact_with_furnace":7,"minecraft:sprint_one_cm":135126,"minecraft:damage_taken":265,"minecraft:walk_one_cm":123373,"minecraft:mob_kills":23,"minecraft:damage_dealt":1423,"minecraft:swim_one_cm":42935,"minecraft:interact_with_crafting_table":4,"minecraft:fly_one_cm":97358,"minecraft:crouch_one_cm":285,"minecraft:play_time":54150,"minecraft:sneak_time":58,"minecraft:walk_under_water_one_cm":14744,"minecraft:jump":508,"minecraft:walk_on_water_one_cm":6024,"minecraft:leave_game":1,"minecraft:time_since_death":54150,"minecraft:sleep_in_bed":1,"minecraft:total_world_time":54150,"minecraft:fall_one_cm":6362},"minecraft:used":{"minecraft:cooked_mutton":2,"minecraft:wooden_axe":29,"minecraft:stone_pickaxe":125,"minecraft:wooden_pickaxe":11,"minecraft:cooked_salmon":4,"minecraft:stone_axe":45,"minecraft:salmon":3,"minecraft:torch":1,"minecraft:mutton":3,"minecraft:crafting_table":2,"minecraft:white_bed":1},"minecraft:mined":{"minecraft:spruce_log":36,"minecraft:andesite":1,"minecraft:crafting_table":1,"minecraft:coal_ore":89,"minecraft:copper_ore":19,"minecraft:spruce_leaves":11,"minecraft:stone":27,"minecraft:sugar_cane":12},"minecraft:picked_up":{"minecraft:crafting_table":1,"minecraft:stick":3,"minecraft:salmon":12,"minecraft:leather":1,"minecraft:porkchop":1,"minecraft:spruce_sapling":5,"minecraft:spruce_log":33,"minecraft:raw_copper":55,"minecraft:arrow":1,"minecraft:beef":2,"minecraft:sugar_cane":31,"minecraft:mutton":5,"minecraft:coal":86,"minecraft:white_wool":4,"minecraft:cobblestone":28}},"DataVersion":3465}