{"stats":{"minecraft:killed":{"minecraft:sheep":7,"minecraft:skeleton":1,"minecraft:zombie":1,"minecraft:pig":1,"minecraft:salmon":15,"minecraft:cow":2},"minecraft:custom":{"minecraft:time_since_rest":9766,"minecraft:interact_with_furnace":9,"minecraft:sprint_one_cm":288157,"minecraft:damage_taken":400,"minecraft:walk_one_cm":167290,"minecraft:mob_kills":27,"minecraft:damage_dealt":1742,"minecraft:swim_one_cm":65698,"minecraft:interact_with_crafting_table":5,"minecraft:fly_one_cm":237161,"minecraft:open_chest":1,"minecraft:crouch_one_cm":285,"minecraft:play_time":78150,"minecraft:sneak_time":58,"minecraft:walk_under_water_one_cm":16539,"minecraft:jump":1035,"minecraft:climb_one_cm":3358,"minecraft:walk_on_water_one_cm":10802,"minecraft:leave_game":1,"minecraft:time_since_death":78150,"minecraft:sleep_in_bed":2,"minecraft:total_world_time":78150,"minecraft:fall_one_cm":13052},"minecraft:crafted":{"minecraft:cooked_beef":2,"minecraft:crafting_table":1,"minecraft:spruce_planks":72,"minecraft:stick":20,"minecraft:wooden_pickaxe":1,"minecraft:stone_pickaxe":2,"minecraft:wooden_axe":1,"minecraft:white_bed":1,"minecraft:cooked_salmon":9,"minecraft:torch":16,"minecraft:stone_axe":1,"minecraft:cooked_mutton":2,"minecraft:air":0},"minecraft:used":{"minecraft:cooked_mutton":2,"minecraft:wooden_axe":38,"minecraft:stone_pickaxe":207,"minecraft:wooden_pickaxe":33,"minecraft:cooked_salmon":9,"minecraft:stone_axe":63,"minecraft:salmon":3,"minecraft:torch":1,"minecraft:mutton":3,"minecraft:crafting_table":2,"minecraft:white_bed":2,"minecraft:splash_potion":1},"minecraft:mined":{"minecraft:white_bed":2,"minecraft:furnace":1,"minecraft:red_bed":1,"minecraft:iron_ore":7,"minecraft:white_carpet":9,"minecraft:spruce_log":36,"minecraft:andesite":1,"minecraft:powder_snow":7,"minecraft:crafting_table":2,"minecraft:coal_ore":140,"minecraft:dirt":1,"minecraft:copper_ore":29,"minecraft:spruce_leaves":11,"minecraft:stone":60,"minecraft:sugar_cane":12},"minecraft:picked_up":{"minecraft:crafting_table":2,"minecraft:stick":3,"minecraft:splash_potion":1,"minecraft:salmon":12,"minecraft:leather":1,"minecraft:porkchop":1,"minecraft:spruce_sapling":5,"minecraft:white_bed":2,"minecraft:spruce_log":33,"minecraft:red_bed":1,"minecraft:dirt":1,"minecraft:raw_copper":94,"minecraft:white_carpet":9,"minecraft:arrow":1,"minecraft:beef":2,"biomesoplenty:white_petals":1,"minecraft:light_gray_wool":1,"minecraft:sugar_cane":31,"minecraft:mutton":7,"minecraft:coal":149,"minecraft:raw_iron":7,"minecraft:white_wool":6,"minecraft:cobblestone":61,"minecraft:furnace":1},"minecraft:broken":{"minecraft:stone_pickaxe":1}},"DataVersion":3465}