{"stats":{"minecraft:killed":{"minecraft:pig":1,"minecraft:salmon":21,"minecraft:spider":1,"minecraft:sheep":10,"minecraft:skeleton":1,"minecraft:zombie":1,"grimoireofgaia:harpy":1,"minecraft:cow":2},"minecraft:dropped":{"minecraft:stone_axe":1,"minecraft:cooked_mutton":1,"minecraft:shield":2,"gravestone:obituary":5},"minecraft:custom":{"minecraft:interact_with_furnace":37,"minecraft:mob_kills":38,"minecraft:interact_with_crafting_table":26,"minecraft:leave_game":2,"minecraft:time_since_death":216392,"minecraft:sleep_in_bed":13,"minecraft:climb_one_cm":3358,"minecraft:time_since_rest":11973,"minecraft:sprint_one_cm":608747,"minecraft:damage_taken":910,"minecraft:walk_one_cm":615920,"minecraft:drop":9,"minecraft:damage_dealt":3435,"minecraft:swim_one_cm":127146,"minecraft:fly_one_cm":482108,"minecraft:open_chest":15,"minecraft:crouch_one_cm":780,"minecraft:play_time":216392,"minecraft:sneak_time":734,"minecraft:walk_under_water_one_cm":32919,"minecraft:boat_one_cm":57410,"minecraft:jump":2624,"minecraft:walk_on_water_one_cm":27102,"minecraft:total_world_time":216392,"minecraft:fall_one_cm":37521},"minecraft:crafted":{"minecraft:cooked_beef":2,"minecraft:stone_shovel":11,"minecraft:cooked_porkchop":1,"minecraft:crafting_table":1,"minecraft:spruce_planks":132,"minecraft:wooden_pickaxe":1,"minecraft:furnace":2,"minecraft:cooked_salmon":9,"minecraft:copper_ingot":53,"minecraft:stone_axe":5,"minecraft:cooked_mutton":10,"minecraft:air":0,"biomesoplenty:fir_planks":112,"minecraft:charcoal":100,"minecraft:shield":3,"biomesoplenty:fir_slab":42,"minecraft:stick":68,"minecraft:iron_ingot":9,"minecraft:stone_pickaxe":2,"minecraft:wooden_axe":1,"minecraft:stone_sword":1,"minecraft:chest":2,"minecraft:iron_shovel":1,"minecraft:white_bed":1,"minecraft:spruce_boat":1,"minecraft:torch":36,"biomesoplenty:fir_door":3},"minecraft:used":{"minecraft:cooked_mutton":9,"minecraft:stone_sword":7,"minecraft:iron_shovel":273,"minecraft:stone_shovel":1577,"minecraft:stone_pickaxe":238,"minecraft:spruce_planks":73,"minecraft:chest":2,"minecraft:wooden_pickaxe":33,"biomesoplenty:fir_planks":15,"minecraft:cooked_salmon":9,"minecraft:cooked_chicken":5,"minecraft:salmon":3,"minecraft:torch":12,"minecraft:dirt":1734,"minecraft:mutton":3,"biomesoplenty:fir_slab":37,"minecraft:crafting_table":4,"minecraft:red_bed":1,"minecraft:white_bed":4,"minecraft:spruce_boat":3,"minecraft:wooden_axe":46,"biomesoplenty:fir_sapling":2,"minecraft:stone_axe":361,"minecraft:potion":1,"minecraft:cobblestone":13,"biomesoplenty:fir_door":1,"minecraft:furnace":5,"minecraft:cooked_porkchop":1,"biomesoplenty:fir_log":5,"minecraft:cooked_beef":2,"minecraft:splash_potion":1},"minecraft:mined":{"minecraft:spruce_planks":1,"minecraft:white_bed":3,"minecraft:red_bed":1,"minecraft:powder_snow":31,"minecraft:torch":1,"minecraft:crafting_table":3,"biomesoplenty:fir_slab":2,"biomesoplenty:fir_planks":4,"minecraft:grass_block":929,"minecraft:copper_ore":29,"biomesoplenty:sprout":2,"minecraft:spruce_leaves":11,"minecraft:sugar_cane":12,"minecraft:rooted_dirt":5,"minecraft:wall_torch":2,"minecraft:spruce_sapling":1,"minecraft:furnace":3,"biomesoplenty:toadstool":21,"minecraft:iron_ore":7,"minecraft:white_carpet":9,"minecraft:spruce_log":36,"minecraft:andesite":1,"minecraft:pumpkin":13,"biomesoplenty:fir_log":167,"minecraft:grass":183,"minecraft:coal_ore":140,"biomesoplenty:fir_leaves":49,"minecraft:sand":28,"minecraft:dirt":764,"minecraft:stone":89,"minecraft:fern":177},"minecraft:picked_up":{"minecraft:crafting_table":3,"minecraft:feather":1,"grimoireofgaia:soulfire":1,"minecraft:splash_potion":1,"minecraft:salmon":15,"minecraft:leather":1,"biomesoplenty:fir_sapling":4,"biomesoplenty:fir_log":167,"minecraft:potion":1,"gravestone:obituary":5,"minecraft:cornflower":1,"minecraft:string":2,"minecraft:dirt":1638,"minecraft:red_bed":1,"minecraft:raw_copper":94,"minecraft:white_carpet":9,"minecraft:wheat_seeds":68,"biomesoplenty:fir_planks":3,"minecraft:spruce_planks":1,"minecraft:beef":2,"minecraft:cooked_chicken":5,"minecraft:iron_nugget":2,"minecraft:light_gray_wool":1,"minecraft:sugar_cane":31,"minecraft:furnace":3,"biomesoplenty:toadstool":32,"minecraft:raw_iron":7,"minecraft:stick":4,"minecraft:pumpkin":13,"minecraft:torch":4,"minecraft:dandelion":1,"minecraft:porkchop":1,"minecraft:sand":28,"minecraft:spruce_sapling":6,"minecraft:white_bed":3,"minecraft:spruce_log":33,"minecraft:arrow":3,"minecraft:stone_axe":1,"minecraft:spruce_boat":3,"biomesoplenty:fir_slab":1,"minecraft:gray_wool":1,"biomesoplenty:white_petals":1,"minecraft:rooted_dirt":4,"minecraft:coal":212,"minecraft:mutton":13,"minecraft:white_wool":8,"minecraft:cobblestone":90},"minecraft:broken":{"minecraft:stone_pickaxe":1,"minecraft:iron_shovel":1,"minecraft:stone_axe":3,"minecraft:wooden_axe":1,"minecraft:stone_shovel":11}},"DataVersion":3465}