{"stats":{"minecraft:killed":{"minecraft:sheep":4,"minecraft:skeleton":1,"minecraft:pig":1,"minecraft:salmon":15,"minecraft:cow":2},"minecraft:custom":{"minecraft:time_since_rest":16311,"minecraft:interact_with_furnace":8,"minecraft:sprint_one_cm":211867,"minecraft:damage_taken":265,"minecraft:walk_one_cm":146880,"minecraft:mob_kills":23,"minecraft:damage_dealt":1423,"minecraft:swim_one_cm":49865,"minecraft:interact_with_crafting_table":5,"minecraft:fly_one_cm":173162,"minecraft:crouch_one_cm":285,"minecraft:play_time":66150,"minecraft:sneak_time":58,"minecraft:walk_under_water_one_cm":15844,"minecraft:jump":794,"minecraft:walk_on_water_one_cm":8509,"minecraft:leave_game":1,"minecraft:time_since_death":66150,"minecraft:sleep_in_bed":1,"minecraft:total_world_time":66150,"minecraft:fall_one_cm":9317},"minecraft:crafted":{"minecraft:cooked_beef":2,"minecraft:crafting_table":1,"minecraft:spruce_planks":72,"minecraft:stick":20,"minecraft:wooden_pickaxe":1,"minecraft:stone_pickaxe":2,"minecraft:wooden_axe":1,"minecraft:white_bed":1,"minecraft:cooked_salmon":9,"minecraft:torch":16,"minecraft:stone_axe":1,"minecraft:cooked_mutton":2,"minecraft:air":0},"minecraft:used":{"minecraft:cooked_mutton":2,"minecraft:wooden_axe":29,"minecraft:stone_pickaxe":144,"minecraft:wooden_pickaxe":33,"minecraft:cooked_salmon":6,"minecraft:stone_axe":47,"minecraft:salmon":3,"minecraft:torch":1,"minecraft:mutton":3,"minecraft:crafting_table":2,"minecraft:white_bed":1},"minecraft:mined":{"minecraft:white_bed":1,"minecraft:furnace":1,"minecraft:iron_ore":2,"minecraft:spruce_log":36,"minecraft:andesite":1,"minecraft:crafting_table":2,"minecraft:coal_ore":94,"minecraft:copper_ore":29,"minecraft:spruce_leaves":11,"minecraft:stone":50,"minecraft:sugar_cane":12},"minecraft:picked_up":{"minecraft:crafting_table":2,"minecraft:stick":3,"minecraft:salmon":12,"minecraft:leather":1,"minecraft:porkchop":1,"minecraft:spruce_sapling":5,"minecraft:white_bed":1,"minecraft:spruce_log":33,"minecraft:raw_copper":94,"minecraft:arrow":1,"minecraft:beef":2,"biomesoplenty:white_petals":1,"minecraft:sugar_cane":31,"minecraft:mutton":5,"minecraft:coal":103,"minecraft:raw_iron":2,"minecraft:white_wool":4,"minecraft:cobblestone":51,"minecraft:furnace":1},"minecraft:broken":{"minecraft:stone_pickaxe":1}},"DataVersion":3465}