{"stats":{"minecraft:crafted":{"minecraft:crafting_table":1,"minecraft:spruce_planks":72},"minecraft:custom":{"minecraft:jump":16,"minecraft:time_since_rest":18150,"minecraft:leave_game":1,"minecraft:play_time":18150,"minecraft:sprint_one_cm":3193,"minecraft:time_since_death":18150,"minecraft:walk_one_cm":10001,"minecraft:total_world_time":18150,"minecraft:fly_one_cm":21366},"minecraft:mined":{"minecraft:spruce_leaves":7,"minecraft:spruce_log":18},"minecraft:picked_up":{"minecraft:stick":3,"minecraft:spruce_sapling":1,"minecraft:spruce_log":18}},"DataVersion":3465}