{"stats":{"minecraft:killed":{"minecraft:sheep":3,"minecraft:skeleton":1,"minecraft:salmon":11},"minecraft:crafted":{"minecraft:crafting_table":1,"minecraft:spruce_planks":72,"minecraft:stick":20,"minecraft:wooden_pickaxe":1,"minecraft:stone_pickaxe":1,"minecraft:wooden_axe":1,"minecraft:cooked_salmon":1,"minecraft:torch":16,"minecraft:stone_axe":1},"minecraft:custom":{"minecraft:time_since_rest":42150,"minecraft:interact_with_furnace":2,"minecraft:sprint_one_cm":60142,"minecraft:damage_taken":195,"minecraft:walk_one_cm":82982,"minecraft:mob_kills":15,"minecraft:damage_dealt":903,"minecraft:swim_one_cm":32181,"minecraft:interact_with_crafting_table":2,"minecraft:fly_one_cm":53901,"minecraft:crouch_one_cm":285,"minecraft:play_time":42150,"minecraft:sneak_time":58,"minecraft:walk_under_water_one_cm":9704,"minecraft:jump":270,"minecraft:walk_on_water_one_cm":3784,"minecraft:leave_game":1,"minecraft:time_since_death":42150,"minecraft:total_world_time":42150,"minecraft:fall_one_cm":2834},"minecraft:used":{"minecraft:wooden_axe":14,"minecraft:stone_pickaxe":100,"minecraft:wooden_pickaxe":11,"minecraft:cooked_salmon":1,"minecraft:stone_axe":27,"minecraft:salmon":3,"minecraft:torch":1,"minecraft:mutton":3,"minecraft:crafting_table":1},"minecraft:mined":{"minecraft:spruce_log":24,"minecraft:andesite":1,"minecraft:crafting_table":1,"minecraft:coal_ore":70,"minecraft:copper_ore":19,"minecraft:spruce_leaves":8,"minecraft:stone":21},"minecraft:picked_up":{"minecraft:crafting_table":1,"minecraft:stick":3,"minecraft:salmon":8,"minecraft:spruce_sapling":5,"minecraft:spruce_log":21,"minecraft:raw_copper":55,"minecraft:arrow":1,"minecraft:mutton":3,"minecraft:coal":67,"minecraft:white_wool":3,"minecraft:cobblestone":22}},"DataVersion":3465}