{"stats":{"minecraft:killed":{"minecraft:pig":1,"minecraft:salmon":15,"minecraft:sheep":7,"minecraft:skeleton":1,"minecraft:zombie":1,"grimoireofgaia:harpy":1,"minecraft:cow":2},"minecraft:dropped":{"minecraft:cooked_mutton":1},"minecraft:custom":{"minecraft:interact_with_furnace":13,"minecraft:mob_kills":28,"minecraft:interact_with_crafting_table":6,"minecraft:leave_game":1,"minecraft:time_since_death":96150,"minecraft:sleep_in_bed":3,"minecraft:climb_one_cm":3358,"minecraft:time_since_rest":7445,"minecraft:sprint_one_cm":386551,"minecraft:damage_taken":640,"minecraft:walk_one_cm":184839,"minecraft:drop":1,"minecraft:damage_dealt":2143,"minecraft:swim_one_cm":111221,"minecraft:fly_one_cm":345574,"minecraft:open_chest":1,"minecraft:crouch_one_cm":287,"minecraft:play_time":96150,"minecraft:sneak_time":67,"minecraft:walk_under_water_one_cm":20657,"minecraft:boat_one_cm":57410,"minecraft:jump":1423,"minecraft:walk_on_water_one_cm":20485,"minecraft:total_world_time":96150,"minecraft:fall_one_cm":19255},"minecraft:crafted":{"minecraft:cooked_beef":2,"minecraft:cooked_porkchop":1,"minecraft:crafting_table":1,"minecraft:spruce_planks":72,"minecraft:wooden_pickaxe":1,"minecraft:cooked_salmon":9,"minecraft:stone_axe":1,"minecraft:cooked_mutton":4,"minecraft:air":0,"minecraft:stick":20,"minecraft:stone_pickaxe":2,"minecraft:wooden_axe":1,"minecraft:white_bed":1,"minecraft:spruce_boat":1,"minecraft:torch":16},"minecraft:used":{"minecraft:cooked_mutton":3,"minecraft:stone_pickaxe":208,"minecraft:wooden_pickaxe":33,"minecraft:cooked_salmon":9,"minecraft:salmon":3,"minecraft:torch":1,"minecraft:mutton":3,"minecraft:crafting_table":3,"minecraft:white_bed":3,"minecraft:spruce_boat":2,"minecraft:wooden_axe":46,"minecraft:stone_axe":69,"minecraft:cobblestone":13,"minecraft:furnace":1,"minecraft:cooked_porkchop":1,"minecraft:cooked_beef":2,"minecraft:splash_potion":1},"minecraft:mined":{"minecraft:white_bed":3,"minecraft:red_bed":1,"minecraft:powder_snow":31,"minecraft:crafting_table":3,"minecraft:copper_ore":29,"minecraft:spruce_leaves":11,"minecraft:sugar_cane":12,"minecraft:furnace":2,"minecraft:iron_ore":7,"minecraft:white_carpet":9,"minecraft:spruce_log":36,"minecraft:andesite":1,"minecraft:coal_ore":140,"minecraft:dirt":1,"minecraft:stone":60},"minecraft:picked_up":{"minecraft:crafting_table":3,"minecraft:feather":1,"minecraft:splash_potion":1,"minecraft:salmon":12,"minecraft:leather":1,"minecraft:dirt":1,"minecraft:red_bed":1,"minecraft:raw_copper":94,"minecraft:white_carpet":9,"minecraft:beef":2,"minecraft:iron_nugget":1,"minecraft:light_gray_wool":1,"minecraft:sugar_cane":31,"minecraft:furnace":2,"minecraft:raw_iron":7,"minecraft:stick":3,"minecraft:porkchop":1,"minecraft:spruce_sapling":5,"minecraft:white_bed":3,"minecraft:spruce_log":33,"minecraft:arrow":1,"minecraft:spruce_boat":2,"biomesoplenty:white_petals":1,"minecraft:coal":212,"minecraft:mutton":7,"minecraft:white_wool":6,"minecraft:cobblestone":61},"minecraft:broken":{"minecraft:stone_pickaxe":1,"minecraft:stone_axe":1,"minecraft:wooden_axe":1}},"DataVersion":3465}