{"stats":{"minecraft:killed":{"minecraft:spider":1,"minecraft:skeleton":2,"minecraft:chicken":18,"minecraft:pig":3,"minecraft:salmon":3,"grimoireofgaia:oni":1,"minecraft:pillager":2,"grimoireofgaia:kobold":2,"minecraft:cow":3},"minecraft:dropped":{"minecraft:cobblestone":1,"minecraft:potion":2,"minecraft:sugar":2,"minecraft:fermented_spider_eye":1,"minecraft:bone":2,"minecraft:cooked_chicken":5,"minecraft:fern":1,"minecraft:pumpkin_seeds":1,"minecraft:purple_bed":1,"minecraft:chest":1,"minecraft:spider_eye":2,"minecraft:spruce_log":1,"minecraft:arrow":2,"minecraft:stone_pickaxe":1},"minecraft:crafted":{"minecraft:cooked_chicken":18,"minecraft:furnace":2,"minecraft:leather":3,"minecraft:stone_pickaxe":3,"minecraft:chest":1,"sophisticatedbackpacks:backpack":1,"minecraft:crafting_table":1,"minecraft:spruce_planks":76,"minecraft:wooden_pickaxe":1,"minecraft:cooked_salmon":4,"minecraft:stone_axe":1,"minecraft:air":0,"minecraft:stick":32,"minecraft:iron_ingot":4,"minecraft:stone_sword":2,"minecraft:torch":60},"minecraft:custom":{"minecraft:mob_kills":37,"minecraft:interact_with_crafting_table":18,"minecraft:open_barrel":1,"minecraft:time_since_death":100286,"minecraft:sprint_one_cm":400870,"minecraft:walk_one_cm":260102,"minecraft:drop":21,"minecraft:talked_to_villager":1,"minecraft:play_time":100286,"minecraft:sneak_time":1549,"minecraft:walk_under_water_one_cm":24552,"minecraft:jump":1934,"minecraft:interact_with_blast_furnace":1,"minecraft:walk_on_water_one_cm":36161,"minecraft:total_world_time":100286,"minecraft:interact_with_furnace":14,"minecraft:sleep_in_bed":4,"minecraft:time_since_rest":18495,"minecraft:damage_taken":1118,"minecraft:damage_dealt":3793,"minecraft:fly_one_cm":467666,"minecraft:swim_one_cm":58386,"minecraft:open_chest":20,"minecraft:crouch_one_cm":2990,"minecraft:fall_one_cm":37330},"minecraft:used":{"minecraft:stone_sword":121,"minecraft:cooked_salmon":4,"minecraft:cooked_chicken":11,"minecraft:torch":43,"minecraft:dirt":6,"minecraft:snowball":10,"minecraft:sweet_berries":65,"minecraft:furnace":2,"minecraft:stone_pickaxe":299,"minecraft:wooden_pickaxe":6,"minecraft:crafting_table":6,"minecraft:crossbow":3,"minecraft:blue_ice":1,"minecraft:stone_axe":87,"minecraft:chiseled_stone_bricks":1,"minecraft:cobblestone":27,"minecraft:purple_bed":3,"minecraft:porkchop":1,"minecraft:andesite":1},"minecraft:mined":{"minecraft:spruce_planks":1,"minecraft:brewing_stand":2,"minecraft:glow_lichen":1,"biomesoplenty:dead_leaves":15,"minecraft:grass_block":4,"biomesoplenty:white_petals":2,"minecraft:spruce_leaves":8,"minecraft:composter":1,"minecraft:cartography_table":1,"biomesoplenty:tundra_shrub":1,"minecraft:chiseled_stone_bricks":1,"minecraft:hay_block":31,"minecraft:smooth_stone":1,"minecraft:furnace":11,"minecraft:carrots":1,"minecraft:iron_ore":11,"minecraft:barrel":3,"minecraft:andesite":1,"minecraft:pumpkin":10,"minecraft:bookshelf":4,"minecraft:potatoes":14,"minecraft:water_cauldron":1,"minecraft:lantern":56,"minecraft:stone":62,"minecraft:smithing_table":2,"minecraft:smoker":3,"minecraft:powder_snow":69,"minecraft:crafting_table":8,"minecraft:torch":7,"minecraft:blast_furnace":2,"biomesoplenty:snowblossom_leaves":31,"minecraft:chest":15,"minecraft:campfire":1,"minecraft:cobblestone":13,"minecraft:copper_ore":29,"minecraft:sugar_cane":3,"minecraft:wall_torch":4,"minecraft:purple_bed":4,"minecraft:wheat":1,"minecraft:sweet_berry_bush":5,"minecraft:spruce_log":4,"biomesoplenty:maple_leaves":8,"minecraft:grass":3,"minecraft:coal_ore":71,"minecraft:dirt":2,"minecraft:stonecutter":1,"minecraft:fern":3},"minecraft:picked_up":{"minecraft:crafting_table":8,"minecraft:wheat":12,"minecraft:chicken":18,"minecraft:suspicious_stew":2,"minecraft:smithing_table":2,"minecraft:potion":4,"minecraft:brewing_stand":2,"minecraft:raw_copper":119,"minecraft:string":6,"minecraft:cartography_table":1,"minecraft:smooth_stone":1,"minecraft:spruce_planks":1,"minecraft:beef":4,"minecraft:iron_nugget":2,"minecraft:chest":16,"minecraft:sugar_cane":9,"minecraft:furnace":11,"minecraft:raw_iron":12,"minecraft:composter":1,"minecraft:torch":12,"minecraft:porkchop":4,"minecraft:snow_block":3,"minecraft:carrot":3,"minecraft:iron_horse_armor":2,"minecraft:cauldron":1,"minecraft:arrow":5,"minecraft:beetroot_seeds":17,"minecraft:pumpkin_pie":6,"minecraft:hay_block":31,"biomesoplenty:fir_slab":1,"minecraft:glow_berries":12,"minecraft:snowball":10,"minecraft:cobblestone":74,"minecraft:feather":20,"minecraft:salmon":4,"minecraft:andesite":1,"minecraft:leather":5,"minecraft:fern":1,"minecraft:potato":75,"minecraft:smoker":3,"minecraft:filled_map":1,"minecraft:map":3,"minecraft:dirt":6,"minecraft:paper":8,"minecraft:lantern":56,"biomesoplenty:snowblossom_sapling":2,"minecraft:bone":14,"minecraft:apple":1,"minecraft:stonecutter":1,"minecraft:iron_ingot":3,"minecraft:stone_pickaxe":1,"minecraft:book":12,"minecraft:pumpkin":11,"minecraft:sweet_berries":66,"minecraft:chiseled_stone_bricks":1,"minecraft:spruce_sapling":1,"minecraft:blast_furnace":2,"minecraft:spruce_log":32,"minecraft:fermented_spider_eye":2,"minecraft:barrel":3,"minecraft:spider_eye":2,"minecraft:pumpkin_seeds":1,"minecraft:purple_bed":5,"minecraft:sugar":2,"minecraft:crossbow":1,"minecraft:blue_ice":1,"minecraft:bread":16,"grimoireofgaia:fur":3,"minecraft:coal":88},"minecraft:broken":{"minecraft:stone_sword":1,"minecraft:stone_pickaxe":2}},"DataVersion":3465}