{"stats":{"minecraft:killed":{"minecraft:pig":3,"minecraft:salmon":3,"minecraft:spider":1,"minecraft:skeleton":2,"minecraft:pillager":2,"minecraft:chicken":18,"grimoireofgaia:kobold":2,"minecraft:cow":2},"minecraft:crafted":{"sophisticatedbackpacks:backpack":1,"minecraft:crafting_table":1,"minecraft:spruce_planks":76,"minecraft:cooked_chicken":18,"minecraft:wooden_pickaxe":1,"minecraft:furnace":2,"minecraft:cooked_salmon":4,"minecraft:stone_axe":1,"minecraft:air":0,"minecraft:leather":3,"minecraft:stick":32,"minecraft:iron_ingot":4,"minecraft:stone_pickaxe":3,"minecraft:stone_sword":1,"minecraft:chest":1,"minecraft:torch":60},"minecraft:dropped":{"minecraft:cooked_chicken":5,"minecraft:cobblestone":1,"minecraft:fern":1,"minecraft:pumpkin_seeds":1,"minecraft:purple_bed":1,"minecraft:spruce_log":1,"minecraft:arrow":2,"minecraft:bone":2},"minecraft:custom":{"minecraft:interact_with_furnace":14,"minecraft:mob_kills":35,"minecraft:open_barrel":1,"minecraft:interact_with_crafting_table":17,"minecraft:time_since_death":88286,"minecraft:sleep_in_bed":4,"minecraft:time_since_rest":6495,"minecraft:sprint_one_cm":366474,"minecraft:damage_taken":1015,"minecraft:walk_one_cm":235877,"minecraft:drop":12,"minecraft:damage_dealt":3015,"minecraft:talked_to_villager":1,"minecraft:swim_one_cm":33016,"minecraft:fly_one_cm":439477,"minecraft:open_chest":14,"minecraft:crouch_one_cm":2990,"minecraft:play_time":88286,"minecraft:sneak_time":1427,"minecraft:walk_under_water_one_cm":13375,"minecraft:jump":1755,"minecraft:interact_with_blast_furnace":1,"minecraft:walk_on_water_one_cm":21577,"minecraft:total_world_time":88286,"minecraft:fall_one_cm":34503},"minecraft:used":{"minecraft:stone_sword":104,"minecraft:stone_pickaxe":289,"minecraft:wooden_pickaxe":6,"minecraft:cooked_chicken":9,"minecraft:cooked_salmon":4,"minecraft:torch":36,"minecraft:dirt":5,"minecraft:crafting_table":6,"minecraft:crossbow":3,"minecraft:snowball":10,"minecraft:stone_axe":72,"minecraft:cobblestone":27,"minecraft:purple_bed":3,"minecraft:sweet_berries":65,"minecraft:furnace":2,"minecraft:porkchop":1,"minecraft:andesite":1},"minecraft:mined":{"minecraft:smithing_table":2,"minecraft:smoker":3,"minecraft:powder_snow":69,"minecraft:glow_lichen":1,"minecraft:crafting_table":8,"minecraft:torch":6,"biomesoplenty:dead_leaves":15,"minecraft:blast_furnace":2,"minecraft:grass_block":3,"biomesoplenty:snowblossom_leaves":31,"minecraft:chest":12,"biomesoplenty:white_petals":2,"minecraft:copper_ore":29,"minecraft:cobblestone":13,"minecraft:spruce_leaves":8,"minecraft:cartography_table":1,"minecraft:composter":1,"minecraft:sugar_cane":3,"biomesoplenty:tundra_shrub":1,"minecraft:wall_torch":3,"minecraft:hay_block":14,"minecraft:smooth_stone":1,"minecraft:purple_bed":4,"minecraft:furnace":11,"minecraft:carrots":1,"minecraft:barrel":3,"minecraft:wheat":1,"minecraft:iron_ore":7,"minecraft:sweet_berry_bush":5,"minecraft:spruce_log":4,"minecraft:andesite":1,"biomesoplenty:maple_leaves":8,"minecraft:pumpkin":10,"minecraft:grass":3,"minecraft:bookshelf":4,"minecraft:potatoes":14,"minecraft:coal_ore":71,"minecraft:lantern":55,"minecraft:dirt":2,"minecraft:stonecutter":1,"minecraft:stone":62,"minecraft:fern":3},"minecraft:picked_up":{"minecraft:crafting_table":8,"minecraft:wheat":12,"minecraft:feather":20,"minecraft:chicken":18,"minecraft:suspicious_stew":2,"minecraft:andesite":1,"minecraft:salmon":4,"minecraft:smithing_table":2,"minecraft:leather":3,"minecraft:fern":1,"minecraft:smoker":3,"minecraft:potato":74,"minecraft:map":3,"minecraft:paper":8,"minecraft:lantern":55,"minecraft:dirt":5,"minecraft:string":6,"minecraft:raw_copper":119,"biomesoplenty:snowblossom_sapling":2,"minecraft:bone":14,"minecraft:apple":1,"minecraft:stonecutter":1,"minecraft:cartography_table":1,"minecraft:smooth_stone":1,"minecraft:beef":2,"minecraft:iron_ingot":3,"minecraft:iron_nugget":2,"minecraft:sugar_cane":9,"minecraft:chest":12,"minecraft:furnace":11,"minecraft:book":6,"minecraft:raw_iron":8,"minecraft:pumpkin":11,"minecraft:sweet_berries":66,"minecraft:composter":1,"minecraft:torch":10,"minecraft:snow_block":3,"minecraft:porkchop":4,"minecraft:blast_furnace":2,"minecraft:carrot":2,"minecraft:spruce_sapling":1,"minecraft:spruce_log":32,"minecraft:barrel":3,"minecraft:iron_horse_armor":2,"minecraft:purple_bed":5,"minecraft:pumpkin_seeds":1,"minecraft:arrow":5,"minecraft:beetroot_seeds":17,"minecraft:hay_block":14,"minecraft:blue_ice":1,"minecraft:crossbow":1,"minecraft:bread":13,"minecraft:glow_berries":6,"minecraft:snowball":10,"minecraft:coal":88,"grimoireofgaia:fur":3,"minecraft:cobblestone":74},"minecraft:broken":{"minecraft:stone_pickaxe":2,"minecraft:stone_sword":1}},"DataVersion":3465}