{"stats":{"minecraft:killed_by":{"grimoireofgaia:nine_tails":1},"minecraft:killed":{"minecraft:spider":1,"minecraft:skeleton":2,"minecraft:chicken":18,"minecraft:pig":3,"minecraft:salmon":3,"grimoireofgaia:oni":3,"minecraft:pillager":2,"grimoireofgaia:nine_tails":2,"minecraft:zombie":1,"grimoireofgaia:kobold":2,"minecraft:villager":1,"minecraft:cow":3},"minecraft:dropped":{"minecraft:cobblestone":1,"minecraft:potion":4,"gravestone:obituary":3,"minecraft:sugar":2,"minecraft:fermented_spider_eye":1,"minecraft:bone":2,"minecraft:cooked_chicken":5,"minecraft:fern":1,"minecraft:pumpkin_seeds":1,"minecraft:shield":1,"minecraft:purple_bed":1,"minecraft:chest":1,"minecraft:spider_eye":2,"minecraft:spruce_log":1,"minecraft:arrow":2,"minecraft:stone_pickaxe":1},"minecraft:crafted":{"minecraft:stone_shovel":1,"minecraft:cooked_chicken":18,"minecraft:furnace":2,"sophisticatedbackpacks:copper_backpack":1,"minecraft:leather":3,"minecraft:stone_pickaxe":3,"minecraft:chest":1,"minecraft:spruce_boat":2,"minecraft:stone_hoe":1,"minecraft:wheat":279,"sophisticatedbackpacks:backpack":1,"minecraft:crafting_table":2,"minecraft:spruce_planks":80,"minecraft:wooden_pickaxe":1,"minecraft:cooked_salmon":4,"minecraft:copper_ingot":64,"minecraft:hay_block":32,"minecraft:bucket":1,"minecraft:stone_axe":2,"minecraft:bread":1,"minecraft:air":0,"minecraft:stick":36,"minecraft:iron_ingot":10,"minecraft:stone_sword":2,"minecraft:torch":60},"minecraft:custom":{"minecraft:mob_kills":43,"minecraft:interact_with_crafting_table":30,"minecraft:open_barrel":1,"minecraft:time_since_death":43495,"minecraft:sprint_one_cm":549808,"minecraft:walk_one_cm":393929,"minecraft:drop":27,"minecraft:talked_to_villager":5,"minecraft:play_time":148286,"minecraft:deaths":1,"minecraft:sneak_time":3238,"minecraft:walk_under_water_one_cm":27384,"minecraft:boat_one_cm":36563,"minecraft:jump":2682,"minecraft:interact_with_blast_furnace":12,"minecraft:walk_on_water_one_cm":44318,"minecraft:total_world_time":148286,"minecraft:interact_with_furnace":15,"minecraft:interact_with_stonecutter":2,"minecraft:sleep_in_bed":8,"minecraft:time_since_rest":4395,"minecraft:damage_taken":1677,"minecraft:damage_dealt":6049,"minecraft:fly_one_cm":646061,"minecraft:swim_one_cm":70799,"minecraft:open_chest":87,"minecraft:crouch_one_cm":7490,"minecraft:fall_one_cm":62042},"minecraft:used":{"minecraft:stone_sword":166,"minecraft:stone_shovel":72,"minecraft:spruce_slab":1,"minecraft:chest":12,"minecraft:spruce_planks":1,"minecraft:stone_hoe":120,"minecraft:cooked_salmon":4,"minecraft:cooked_chicken":13,"minecraft:torch":51,"minecraft:dirt":9,"minecraft:cobblestone_wall":30,"minecraft:carrot":3,"minecraft:snowball":10,"minecraft:spruce_boat":7,"minecraft:sweet_berries":103,"minecraft:furnace":2,"minecraft:beetroot_seeds":17,"minecraft:potato":65,"minecraft:wheat_seeds":30,"minecraft:water_bucket":2,"minecraft:stone_pickaxe":333,"minecraft:wooden_pickaxe":6,"minecraft:composter":24,"minecraft:stonecutter":1,"minecraft:sugar_cane":9,"minecraft:glow_berries":5,"biomesoplenty:fir_slab":2,"minecraft:crafting_table":8,"minecraft:blast_furnace":2,"minecraft:crossbow":3,"minecraft:blue_ice":1,"minecraft:stone_axe":259,"minecraft:chiseled_stone_bricks":1,"minecraft:cobblestone":27,"minecraft:purple_bed":6,"minecraft:porkchop":1,"minecraft:bucket":2,"minecraft:andesite":1,"minecraft:pumpkin_pie":4,"biomesoplenty:fir_log":32},"minecraft:mined":{"minecraft:spruce_planks":4,"biomesoplenty:desert_grass":1,"minecraft:brewing_stand":2,"gravestone:gravestone":1,"minecraft:glow_lichen":1,"biomesoplenty:dead_leaves":15,"biomesoplenty:fir_slab":1,"minecraft:grass_block":7,"biomesoplenty:white_petals":2,"minecraft:spruce_leaves":8,"biomesoplenty:dead_grass":2,"minecraft:composter":25,"minecraft:cartography_table":1,"biomesoplenty:tundra_shrub":1,"minecraft:chiseled_stone_bricks":1,"minecraft:hay_block":31,"minecraft:smooth_stone":1,"minecraft:furnace":11,"minecraft:carrots":1,"minecraft:iron_ore":11,"minecraft:barrel":3,"minecraft:andesite":1,"minecraft:stripped_spruce_log":1,"minecraft:pumpkin":29,"minecraft:bookshelf":4,"minecraft:potatoes":14,"minecraft:water_cauldron":1,"minecraft:lantern":56,"minecraft:stone":93,"minecraft:spruce_slab":1,"minecraft:smithing_table":2,"minecraft:smoker":3,"minecraft:dandelion":1,"minecraft:powder_snow":69,"minecraft:crafting_table":9,"minecraft:torch":7,"minecraft:blast_furnace":2,"biomesoplenty:snowblossom_leaves":31,"minecraft:chest":15,"minecraft:campfire":1,"minecraft:cobblestone":14,"minecraft:copper_ore":29,"minecraft:sugar_cane":3,"minecraft:wall_torch":4,"minecraft:purple_bed":6,"minecraft:wheat":1,"minecraft:sweet_berry_bush":20,"minecraft:spruce_log":4,"biomesoplenty:maple_leaves":8,"biomesoplenty:fir_log":73,"minecraft:grass":256,"minecraft:coal_ore":73,"biomesoplenty:fir_leaves":27,"minecraft:gravel":69,"minecraft:dirt":6,"minecraft:stonecutter":1,"minecraft:fern":141},"minecraft:picked_up":{"minecraft:crafting_table":9,"minecraft:wheat":12,"grimoireofgaia:soulfire":6,"minecraft:chicken":18,"minecraft:suspicious_stew":2,"minecraft:smithing_table":2,"minecraft:potion":4,"gravestone:obituary":2,"minecraft:brewing_stand":2,"minecraft:shield":2,"minecraft:raw_copper":119,"minecraft:string":6,"minecraft:cartography_table":1,"minecraft:gold_nugget":2,"minecraft:smooth_stone":1,"minecraft:spruce_planks":4,"minecraft:beef":4,"minecraft:iron_nugget":4,"minecraft:spruce_slab":1,"minecraft:chest":16,"minecraft:sugar_cane":9,"minecraft:furnace":11,"minecraft:stick":8,"minecraft:raw_iron":12,"minecraft:composter":25,"minecraft:torch":12,"minecraft:porkchop":4,"minecraft:snow_block":3,"minecraft:carrot":3,"minecraft:iron_horse_armor":2,"minecraft:cauldron":1,"minecraft:arrow":5,"minecraft:beetroot_seeds":17,"minecraft:pumpkin_pie":6,"minecraft:hay_block":31,"biomesoplenty:fir_slab":2,"minecraft:glow_berries":12,"minecraft:snowball":10,"minecraft:cobblestone":106,"minecraft:feather":20,"minecraft:salmon":4,"minecraft:andesite":1,"minecraft:leather":5,"minecraft:fern":1,"biomesoplenty:fir_sapling":13,"minecraft:potato":75,"minecraft:smoker":3,"biomesoplenty:fir_log":73,"minecraft:filled_map":1,"minecraft:flint":6,"minecraft:map":3,"minecraft:dirt":13,"minecraft:paper":8,"minecraft:lantern":56,"biomesoplenty:snowblossom_sapling":2,"minecraft:bone":14,"minecraft:apple":1,"minecraft:stonecutter":1,"minecraft:wheat_seeds":38,"minecraft:iron_ingot":3,"minecraft:stone_pickaxe":1,"minecraft:book":12,"minecraft:pumpkin":30,"minecraft:sweet_berries":99,"minecraft:chiseled_stone_bricks":1,"minecraft:dandelion":1,"minecraft:gravel":63,"minecraft:stripped_spruce_log":1,"minecraft:spruce_sapling":1,"minecraft:blast_furnace":2,"minecraft:spruce_log":32,"minecraft:fermented_spider_eye":2,"minecraft:barrel":3,"minecraft:spider_eye":2,"minecraft:pumpkin_seeds":1,"minecraft:purple_bed":7,"minecraft:sugar":2,"minecraft:spruce_boat":7,"minecraft:crossbow":1,"minecraft:blue_ice":1,"minecraft:bread":16,"grimoireofgaia:fur":3,"minecraft:coal":90},"minecraft:broken":{"minecraft:stone_sword":1,"minecraft:stone_pickaxe":2,"minecraft:stone_axe":1}},"DataVersion":3465}