{"stats":{"minecraft:killed":{"minecraft:pig":1,"minecraft:salmon":3,"minecraft:skeleton":2,"minecraft:chicken":14,"grimoireofgaia:kobold":2},"minecraft:dropped":{"minecraft:cobblestone":1,"minecraft:fern":1,"minecraft:spruce_log":1},"minecraft:crafted":{"minecraft:crafting_table":1,"minecraft:spruce_planks":28,"minecraft:wooden_pickaxe":1,"minecraft:furnace":1,"minecraft:cooked_salmon":4,"minecraft:stone_axe":1,"minecraft:air":0,"minecraft:stick":24,"minecraft:stone_pickaxe":2,"minecraft:stone_sword":1,"minecraft:torch":60},"minecraft:custom":{"minecraft:interact_with_furnace":4,"minecraft:mob_kills":22,"minecraft:interact_with_crafting_table":7,"minecraft:time_since_death":34286,"minecraft:sleep_in_bed":1,"minecraft:time_since_rest":4311,"minecraft:sprint_one_cm":93421,"minecraft:damage_taken":435,"minecraft:walk_one_cm":139244,"minecraft:drop":3,"minecraft:damage_dealt":1828,"minecraft:fly_one_cm":69476,"minecraft:open_chest":5,"minecraft:crouch_one_cm":1650,"minecraft:play_time":34286,"minecraft:sneak_time":619,"minecraft:walk_under_water_one_cm":5689,"minecraft:jump":533,"minecraft:walk_on_water_one_cm":6088,"minecraft:total_world_time":34286,"minecraft:fall_one_cm":10704},"minecraft:used":{"minecraft:stone_sword":41,"minecraft:stone_pickaxe":161,"minecraft:wooden_pickaxe":6,"minecraft:cooked_salmon":4,"minecraft:torch":30,"minecraft:crafting_table":3,"minecraft:stone_axe":36,"minecraft:cobblestone":11,"minecraft:sweet_berries":20,"minecraft:furnace":1,"minecraft:andesite":1},"minecraft:mined":{"minecraft:glow_lichen":1,"minecraft:crafting_table":5,"minecraft:torch":4,"biomesoplenty:dead_leaves":15,"minecraft:grass_block":2,"biomesoplenty:snowblossom_leaves":31,"minecraft:chest":4,"minecraft:copper_ore":29,"minecraft:cobblestone":3,"minecraft:spruce_leaves":6,"minecraft:sugar_cane":3,"minecraft:purple_bed":1,"minecraft:iron_ore":1,"minecraft:sweet_berry_bush":2,"minecraft:spruce_log":4,"minecraft:andesite":1,"biomesoplenty:maple_leaves":8,"minecraft:pumpkin":10,"minecraft:coal_ore":71,"minecraft:dirt":2,"minecraft:stone":59,"minecraft:fern":1},"minecraft:picked_up":{"minecraft:crafting_table":5,"minecraft:feather":17,"minecraft:chicken":14,"minecraft:andesite":1,"minecraft:salmon":4,"minecraft:fern":1,"minecraft:potato":15,"minecraft:dirt":4,"minecraft:string":2,"minecraft:raw_copper":119,"biomesoplenty:snowblossom_sapling":2,"minecraft:bone":14,"minecraft:apple":1,"minecraft:iron_ingot":3,"minecraft:iron_nugget":2,"minecraft:sugar_cane":9,"minecraft:chest":4,"minecraft:raw_iron":1,"minecraft:pumpkin":10,"minecraft:sweet_berries":50,"minecraft:torch":4,"minecraft:porkchop":1,"minecraft:spruce_sapling":1,"minecraft:spruce_log":32,"minecraft:iron_horse_armor":2,"minecraft:purple_bed":1,"minecraft:pumpkin_seeds":1,"minecraft:arrow":2,"minecraft:beetroot_seeds":4,"minecraft:coal":77,"grimoireofgaia:fur":3,"minecraft:cobblestone":61},"minecraft:broken":{"minecraft:stone_pickaxe":1}},"DataVersion":3465}