{"stats":{"minecraft:killed":{"minecraft:pig":1,"minecraft:salmon":3,"minecraft:spider":1,"minecraft:skeleton":2,"minecraft:pillager":2,"minecraft:chicken":18,"grimoireofgaia:kobold":2,"minecraft:cow":1},"minecraft:dropped":{"minecraft:cobblestone":1,"minecraft:fern":1,"minecraft:spruce_log":1,"minecraft:bone":2},"minecraft:crafted":{"minecraft:crafting_table":1,"minecraft:spruce_planks":28,"minecraft:wooden_pickaxe":1,"minecraft:furnace":1,"minecraft:cooked_salmon":4,"minecraft:stone_axe":1,"minecraft:air":0,"minecraft:stick":24,"minecraft:stone_pickaxe":2,"minecraft:stone_sword":1,"minecraft:torch":60},"minecraft:custom":{"minecraft:interact_with_furnace":4,"minecraft:mob_kills":32,"minecraft:interact_with_crafting_table":7,"minecraft:time_since_death":46286,"minecraft:sleep_in_bed":1,"minecraft:time_since_rest":16311,"minecraft:sprint_one_cm":183302,"minecraft:damage_taken":805,"minecraft:walk_one_cm":177284,"minecraft:drop":4,"minecraft:damage_dealt":2725,"minecraft:swim_one_cm":9474,"minecraft:fly_one_cm":171677,"minecraft:open_chest":5,"minecraft:crouch_one_cm":1650,"minecraft:play_time":46286,"minecraft:sneak_time":619,"minecraft:walk_under_water_one_cm":9083,"minecraft:jump":900,"minecraft:walk_on_water_one_cm":11453,"minecraft:total_world_time":46286,"minecraft:fall_one_cm":15041},"minecraft:used":{"minecraft:stone_sword":69,"minecraft:stone_pickaxe":163,"minecraft:wooden_pickaxe":6,"minecraft:cooked_salmon":4,"minecraft:torch":31,"minecraft:crafting_table":3,"minecraft:crossbow":3,"minecraft:stone_axe":36,"minecraft:cobblestone":11,"minecraft:sweet_berries":50,"minecraft:furnace":1,"minecraft:andesite":1},"minecraft:mined":{"minecraft:powder_snow":2,"minecraft:glow_lichen":1,"minecraft:crafting_table":5,"minecraft:torch":5,"biomesoplenty:dead_leaves":15,"minecraft:grass_block":2,"biomesoplenty:snowblossom_leaves":31,"minecraft:chest":4,"biomesoplenty:white_petals":2,"minecraft:copper_ore":29,"minecraft:cobblestone":3,"minecraft:spruce_leaves":6,"minecraft:sugar_cane":3,"minecraft:purple_bed":1,"minecraft:iron_ore":3,"minecraft:sweet_berry_bush":3,"minecraft:spruce_log":4,"minecraft:andesite":1,"biomesoplenty:maple_leaves":8,"minecraft:pumpkin":10,"minecraft:grass":1,"minecraft:coal_ore":71,"minecraft:dirt":2,"minecraft:stone":59,"minecraft:fern":1},"minecraft:picked_up":{"minecraft:crafting_table":5,"minecraft:feather":20,"minecraft:chicken":18,"minecraft:andesite":1,"minecraft:salmon":4,"minecraft:leather":1,"minecraft:fern":1,"minecraft:potato":15,"minecraft:dirt":4,"minecraft:string":4,"minecraft:raw_copper":119,"biomesoplenty:snowblossom_sapling":2,"minecraft:bone":14,"minecraft:apple":1,"minecraft:iron_ingot":3,"minecraft:iron_nugget":2,"minecraft:sugar_cane":9,"minecraft:chest":4,"minecraft:raw_iron":3,"minecraft:pumpkin":10,"minecraft:sweet_berries":66,"minecraft:torch":5,"minecraft:porkchop":1,"minecraft:spruce_sapling":1,"minecraft:spruce_log":32,"minecraft:iron_horse_armor":2,"minecraft:purple_bed":1,"minecraft:pumpkin_seeds":1,"minecraft:arrow":5,"minecraft:beetroot_seeds":4,"minecraft:crossbow":1,"minecraft:coal":77,"grimoireofgaia:fur":3,"minecraft:cobblestone":61},"minecraft:broken":{"minecraft:stone_pickaxe":1}},"DataVersion":3465}