{"stats":{"minecraft:killed_by":{"grimoireofgaia:nine_tails":1},"minecraft:killed":{"minecraft:spider":1,"minecraft:skeleton":5,"minecraft:chicken":18,"minecraft:pig":3,"minecraft:salmon":3,"grimoireofgaia:oni":4,"minecraft:pillager":2,"grimoireofgaia:nine_tails":2,"minecraft:zombie":6,"grimoireofgaia:kobold":2,"minecraft:villager":1,"minecraft:cow":3},"minecraft:crafted":{"minecraft:stone_shovel":5,"minecraft:cooked_chicken":18,"minecraft:furnace":2,"minecraft:bone_meal":3,"sophisticatedbackpacks:copper_backpack":1,"minecraft:leather":3,"minecraft:iron_axe":1,"minecraft:stone_pickaxe":11,"minecraft:chest":1,"minecraft:spruce_boat":2,"minecraft:stone_hoe":4,"minecraft:wheat":594,"minecraft:emerald":21,"sophisticatedbackpacks:backpack":1,"minecraft:crafting_table":2,"minecraft:spruce_planks":80,"minecraft:wooden_pickaxe":1,"minecraft:cooked_salmon":4,"minecraft:copper_ingot":119,"minecraft:hay_block":32,"minecraft:bucket":1,"minecraft:stone_axe":2,"minecraft:bread":1,"minecraft:air":0,"biomesoplenty:fir_planks":28,"minecraft:stick":112,"minecraft:iron_ingot":87,"minecraft:iron_pickaxe":1,"minecraft:stone_sword":2,"minecraft:torch":188,"minecraft:shears":1},"minecraft:dropped":{"minecraft:wheat_seeds":8,"minecraft:cobblestone":1,"minecraft:potion":4,"gravestone:obituary":3,"minecraft:sugar":2,"minecraft:fermented_spider_eye":1,"minecraft:bone":2,"minecraft:sweet_berries":2,"minecraft:cooked_chicken":5,"minecraft:stone_shovel":1,"minecraft:fern":1,"minecraft:carrot":2,"minecraft:pumpkin_seeds":1,"minecraft:potato":8,"minecraft:shield":1,"minecraft:purple_bed":1,"minecraft:chest":1,"minecraft:spider_eye":2,"minecraft:spruce_log":1,"minecraft:arrow":2,"minecraft:stone_pickaxe":3},"minecraft:custom":{"minecraft:mob_kills":52,"minecraft:interact_with_crafting_table":46,"minecraft:open_barrel":1,"minecraft:time_since_death":151495,"minecraft:sprint_one_cm":809003,"minecraft:walk_one_cm":668016,"minecraft:damage_blocked_by_shield":425,"minecraft:drop":50,"minecraft:talked_to_villager":36,"minecraft:play_time":256286,"minecraft:deaths":1,"minecraft:sneak_time":5381,"minecraft:walk_under_water_one_cm":29594,"minecraft:boat_one_cm":37731,"minecraft:jump":4361,"minecraft:interact_with_blast_furnace":22,"minecraft:walk_on_water_one_cm":53235,"minecraft:total_world_time":256286,"minecraft:interact_with_furnace":31,"minecraft:traded_with_villager":21,"minecraft:interact_with_stonecutter":2,"minecraft:sleep_in_bed":13,"minecraft:time_since_rest":6940,"minecraft:damage_taken":2939,"minecraft:damage_dealt":7635,"minecraft:fly_one_cm":951358,"minecraft:swim_one_cm":82300,"minecraft:open_chest":178,"minecraft:crouch_one_cm":10667,"minecraft:fall_one_cm":104877},"minecraft:used":{"minecraft:stone_sword":208,"minecraft:stone_shovel":289,"minecraft:spruce_slab":1,"minecraft:chest":12,"minecraft:spruce_planks":1,"minecraft:shield":15,"minecraft:grass":2,"minecraft:stone_hoe":297,"minecraft:cooked_salmon":4,"minecraft:cooked_chicken":13,"minecraft:rotten_flesh":1,"minecraft:torch":126,"minecraft:dirt":140,"minecraft:cobblestone_wall":30,"minecraft:carrot":11,"minecraft:granite":15,"minecraft:snowball":10,"minecraft:spruce_boat":9,"minecraft:lantern":1,"minecraft:iron_axe":277,"minecraft:smooth_basalt":2,"minecraft:light_gray_wool":1,"minecraft:sweet_berries":168,"minecraft:furnace":14,"minecraft:beetroot_seeds":17,"minecraft:potato":230,"minecraft:cobbled_deepslate":21,"minecraft:pumpkin":5,"minecraft:wheat_seeds":88,"minecraft:water_bucket":7,"minecraft:diorite":6,"minecraft:stone_pickaxe":1471,"minecraft:blue_bed":1,"minecraft:wooden_pickaxe":6,"minecraft:composter":32,"minecraft:stonecutter":1,"minecraft:sugar_cane":21,"minecraft:glow_berries":5,"biomesoplenty:fir_slab":2,"minecraft:crafting_table":9,"minecraft:blast_furnace":2,"minecraft:crossbow":3,"minecraft:blue_ice":1,"minecraft:white_bed":2,"minecraft:shears":7,"minecraft:pumpkin_seeds":14,"minecraft:bread":17,"minecraft:iron_pickaxe":118,"minecraft:stone_axe":264,"minecraft:chiseled_stone_bricks":1,"minecraft:cobblestone":65,"minecraft:purple_bed":6,"minecraft:white_banner":1,"minecraft:porkchop":1,"minecraft:bucket":7,"minecraft:andesite":3,"minecraft:pumpkin_pie":6,"biomesoplenty:fir_log":34,"minecraft:bone_meal":3},"minecraft:mined":{"minecraft:spruce_planks":4,"minecraft:white_bed":2,"biomesoplenty:desert_grass":1,"minecraft:granite":27,"minecraft:carved_pumpkin":5,"minecraft:brewing_stand":2,"gravestone:gravestone":1,"minecraft:glow_lichen":1,"biomesoplenty:dead_leaves":15,"biomesoplenty:fir_slab":1,"minecraft:grass_block":158,"biomesoplenty:white_petals":2,"minecraft:spruce_leaves":8,"biomesoplenty:dead_grass":2,"minecraft:composter":32,"minecraft:cartography_table":1,"biomesoplenty:tundra_shrub":1,"minecraft:chiseled_stone_bricks":1,"minecraft:hay_block":34,"minecraft:smooth_stone":1,"minecraft:furnace":12,"minecraft:carrots":6,"minecraft:iron_ore":88,"minecraft:barrel":3,"minecraft:andesite":41,"minecraft:stripped_spruce_log":1,"minecraft:pumpkin":40,"minecraft:bookshelf":4,"minecraft:potatoes":94,"minecraft:water_cauldron":1,"minecraft:lantern":57,"minecraft:stone":959,"minecraft:spruce_slab":1,"minecraft:smithing_table":2,"minecraft:smoker":3,"minecraft:dandelion":1,"minecraft:powder_snow":69,"minecraft:crafting_table":9,"minecraft:torch":13,"minecraft:blast_furnace":2,"minecraft:calcite":2,"biomesoplenty:snowblossom_leaves":31,"minecraft:chest":15,"minecraft:campfire":1,"minecraft:cobblestone":28,"minecraft:copper_ore":41,"minecraft:lapis_ore":1,"minecraft:sugar_cane":12,"minecraft:blue_bed":1,"minecraft:diorite":79,"minecraft:wall_torch":5,"minecraft:amethyst_block":2,"minecraft:purple_bed":6,"minecraft:wheat":35,"minecraft:sweet_berry_bush":23,"minecraft:light_gray_wool":1,"minecraft:spruce_log":4,"biomesoplenty:maple_leaves":8,"biomesoplenty:fir_log":296,"minecraft:grass":325,"minecraft:coal_ore":127,"minecraft:beetroots":17,"biomesoplenty:fir_leaves":32,"minecraft:gravel":112,"minecraft:dirt":65,"minecraft:smooth_basalt":2,"minecraft:stonecutter":1,"minecraft:deepslate":44,"minecraft:fern":179},"minecraft:picked_up":{"minecraft:crafting_table":9,"minecraft:wheat":26,"grimoireofgaia:soulfire":6,"minecraft:chicken":18,"minecraft:suspicious_stew":2,"minecraft:smithing_table":2,"minecraft:potion":4,"gravestone:obituary":2,"minecraft:brewing_stand":2,"minecraft:amethyst_block":2,"minecraft:shield":2,"minecraft:raw_copper":160,"minecraft:string":6,"minecraft:beetroot":14,"minecraft:cobbled_deepslate":44,"minecraft:cartography_table":1,"minecraft:gold_nugget":2,"minecraft:smooth_stone":1,"minecraft:spruce_planks":4,"minecraft:beef":4,"minecraft:calcite":2,"minecraft:iron_nugget":5,"minecraft:light_gray_wool":1,"minecraft:spruce_slab":1,"minecraft:chest":16,"minecraft:sugar_cane":21,"minecraft:furnace":12,"minecraft:stick":8,"minecraft:raw_iron":89,"minecraft:composter":32,"minecraft:torch":23,"minecraft:porkchop":4,"minecraft:snow_block":3,"minecraft:diorite":79,"minecraft:carrot":12,"minecraft:iron_horse_armor":2,"minecraft:cauldron":1,"minecraft:rotten_flesh":9,"minecraft:arrow":10,"minecraft:stone_shovel":1,"minecraft:beetroot_seeds":60,"minecraft:pumpkin_pie":6,"minecraft:hay_block":34,"minecraft:carved_pumpkin":5,"biomesoplenty:fir_slab":2,"minecraft:glow_berries":12,"minecraft:snowball":10,"minecraft:cobblestone":998,"minecraft:feather":20,"minecraft:salmon":4,"minecraft:andesite":43,"minecraft:leather":5,"minecraft:fern":1,"biomesoplenty:fir_sapling":13,"minecraft:potato":234,"minecraft:smoker":3,"biomesoplenty:fir_log":296,"minecraft:filled_map":1,"minecraft:flint":18,"minecraft:lapis_lazuli":9,"minecraft:blue_bed":1,"minecraft:map":3,"minecraft:dirt":225,"minecraft:paper":8,"minecraft:lantern":57,"minecraft:white_banner":1,"biomesoplenty:snowblossom_sapling":2,"minecraft:bone":20,"minecraft:apple":1,"minecraft:stonecutter":1,"minecraft:wheat_seeds":106,"minecraft:iron_ingot":3,"minecraft:stone_pickaxe":3,"minecraft:book":12,"minecraft:smooth_basalt":2,"minecraft:pumpkin":41,"minecraft:sweet_berries":186,"minecraft:chiseled_stone_bricks":1,"minecraft:dandelion":1,"minecraft:gravel":94,"minecraft:stripped_spruce_log":1,"minecraft:spruce_sapling":1,"minecraft:white_bed":2,"minecraft:blast_furnace":2,"minecraft:spruce_log":32,"minecraft:fermented_spider_eye":2,"minecraft:barrel":3,"minecraft:spider_eye":2,"minecraft:pumpkin_seeds":22,"minecraft:purple_bed":7,"minecraft:sugar":2,"minecraft:spruce_boat":9,"minecraft:granite":30,"minecraft:crossbow":1,"minecraft:blue_ice":1,"minecraft:grass":2,"minecraft:bread":16,"grimoireofgaia:fur":3,"minecraft:coal":144},"minecraft:broken":{"minecraft:leather_leggings":1,"minecraft:stone_sword":1,"minecraft:stone_hoe":2,"minecraft:stone_pickaxe":11,"minecraft:stone_axe":2,"minecraft:stone_shovel":2}},"DataVersion":3465}