{"stats":{"minecraft:dropped":{"minecraft:spruce_log":1},"minecraft:custom":{"minecraft:time_since_rest":10286,"minecraft:crouch_one_cm":96,"minecraft:play_time":10286,"minecraft:sprint_one_cm":30519,"minecraft:damage_taken":20,"minecraft:walk_one_cm":22984,"minecraft:sneak_time":56,"minecraft:drop":1,"minecraft:jump":95,"minecraft:time_since_death":10286,"minecraft:total_world_time":10286,"minecraft:fly_one_cm":18432,"minecraft:fall_one_cm":2078,"minecraft:interact_with_crafting_table":4},"minecraft:crafted":{"minecraft:stone_sword":1,"minecraft:furnace":1,"minecraft:torch":16,"minecraft:stone_axe":1,"minecraft:crafting_table":1,"minecraft:spruce_planks":28,"minecraft:stick":16,"minecraft:wooden_pickaxe":1,"minecraft:stone_pickaxe":1},"minecraft:used":{"minecraft:stone_axe":1,"minecraft:torch":15,"minecraft:crafting_table":2,"minecraft:stone_pickaxe":74,"minecraft:wooden_pickaxe":4},"minecraft:mined":{"minecraft:coal_ore":43,"minecraft:copper_ore":8,"minecraft:spruce_leaves":1,"minecraft:spruce_log":4,"minecraft:stone":25,"minecraft:andesite":1,"minecraft:crafting_table":2,"minecraft:fern":1},"minecraft:picked_up":{"minecraft:raw_copper":35,"minecraft:crafting_table":2,"minecraft:andesite":1,"minecraft:spruce_log":8,"minecraft:coal":42,"minecraft:cobblestone":24}},"DataVersion":3465}