{"stats":{"minecraft:killed_by":{"grimoireofgaia:nine_tails":1},"minecraft:killed":{"minecraft:spider":1,"minecraft:skeleton":3,"minecraft:chicken":18,"minecraft:pig":3,"minecraft:salmon":3,"grimoireofgaia:oni":3,"minecraft:pillager":2,"grimoireofgaia:nine_tails":2,"minecraft:zombie":1,"grimoireofgaia:kobold":2,"minecraft:villager":1,"minecraft:cow":3},"minecraft:crafted":{"minecraft:stone_shovel":3,"minecraft:cooked_chicken":18,"minecraft:furnace":2,"minecraft:bone_meal":3,"sophisticatedbackpacks:copper_backpack":1,"minecraft:leather":3,"minecraft:iron_axe":1,"minecraft:stone_pickaxe":7,"minecraft:chest":1,"minecraft:spruce_boat":2,"minecraft:stone_hoe":4,"minecraft:wheat":594,"minecraft:emerald":19,"sophisticatedbackpacks:backpack":1,"minecraft:crafting_table":2,"minecraft:spruce_planks":80,"minecraft:wooden_pickaxe":1,"minecraft:cooked_salmon":4,"minecraft:copper_ingot":64,"minecraft:hay_block":32,"minecraft:bucket":1,"minecraft:stone_axe":2,"minecraft:bread":1,"minecraft:air":0,"minecraft:stick":56,"minecraft:iron_ingot":10,"minecraft:stone_sword":2,"minecraft:torch":64,"minecraft:shears":1},"minecraft:dropped":{"minecraft:wheat_seeds":8,"minecraft:cobblestone":1,"minecraft:potion":4,"gravestone:obituary":3,"minecraft:sugar":2,"minecraft:fermented_spider_eye":1,"minecraft:bone":2,"minecraft:cooked_chicken":5,"minecraft:stone_shovel":1,"minecraft:fern":1,"minecraft:carrot":2,"minecraft:pumpkin_seeds":1,"minecraft:potato":8,"minecraft:shield":1,"minecraft:purple_bed":1,"minecraft:chest":1,"minecraft:spider_eye":2,"minecraft:spruce_log":1,"minecraft:arrow":2,"minecraft:stone_pickaxe":1},"minecraft:custom":{"minecraft:mob_kills":44,"minecraft:interact_with_crafting_table":41,"minecraft:open_barrel":1,"minecraft:time_since_death":91495,"minecraft:sprint_one_cm":707836,"minecraft:walk_one_cm":530694,"minecraft:damage_blocked_by_shield":50,"minecraft:drop":46,"minecraft:talked_to_villager":34,"minecraft:play_time":196286,"minecraft:deaths":1,"minecraft:sneak_time":3875,"minecraft:walk_under_water_one_cm":28238,"minecraft:boat_one_cm":36563,"minecraft:jump":3578,"minecraft:interact_with_blast_furnace":13,"minecraft:walk_on_water_one_cm":46571,"minecraft:total_world_time":196286,"minecraft:interact_with_furnace":15,"minecraft:traded_with_villager":19,"minecraft:interact_with_stonecutter":2,"minecraft:sleep_in_bed":12,"minecraft:time_since_rest":11731,"minecraft:damage_taken":2097,"minecraft:damage_dealt":6206,"minecraft:fly_one_cm":849559,"minecraft:swim_one_cm":77429,"minecraft:open_chest":134,"minecraft:crouch_one_cm":8850,"minecraft:fall_one_cm":94221},"minecraft:used":{"minecraft:stone_sword":170,"minecraft:stone_shovel":131,"minecraft:spruce_slab":1,"minecraft:chest":12,"minecraft:spruce_planks":1,"minecraft:shield":2,"minecraft:grass":2,"minecraft:stone_hoe":297,"minecraft:cooked_salmon":4,"minecraft:cooked_chicken":13,"minecraft:torch":68,"minecraft:dirt":104,"minecraft:cobblestone_wall":30,"minecraft:carrot":11,"minecraft:snowball":10,"minecraft:spruce_boat":7,"minecraft:lantern":1,"minecraft:iron_axe":193,"minecraft:light_gray_wool":1,"minecraft:sweet_berries":148,"minecraft:furnace":2,"minecraft:beetroot_seeds":17,"minecraft:potato":230,"minecraft:pumpkin":5,"minecraft:wheat_seeds":88,"minecraft:water_bucket":7,"minecraft:diorite":5,"minecraft:stone_pickaxe":622,"minecraft:blue_bed":1,"minecraft:wooden_pickaxe":6,"minecraft:composter":32,"minecraft:stonecutter":1,"minecraft:sugar_cane":21,"minecraft:glow_berries":5,"biomesoplenty:fir_slab":2,"minecraft:crafting_table":8,"minecraft:blast_furnace":2,"minecraft:crossbow":3,"minecraft:blue_ice":1,"minecraft:white_bed":2,"minecraft:shears":7,"minecraft:pumpkin_seeds":14,"minecraft:stone_axe":264,"minecraft:chiseled_stone_bricks":1,"minecraft:cobblestone":33,"minecraft:purple_bed":6,"minecraft:porkchop":1,"minecraft:bucket":7,"minecraft:andesite":1,"minecraft:pumpkin_pie":6,"biomesoplenty:fir_log":34,"minecraft:bone_meal":3},"minecraft:mined":{"minecraft:spruce_planks":4,"minecraft:white_bed":2,"biomesoplenty:desert_grass":1,"minecraft:granite":27,"minecraft:carved_pumpkin":5,"minecraft:brewing_stand":2,"gravestone:gravestone":1,"minecraft:glow_lichen":1,"biomesoplenty:dead_leaves":15,"biomesoplenty:fir_slab":1,"minecraft:grass_block":76,"biomesoplenty:white_petals":2,"minecraft:spruce_leaves":8,"biomesoplenty:dead_grass":2,"minecraft:composter":32,"minecraft:cartography_table":1,"biomesoplenty:tundra_shrub":1,"minecraft:chiseled_stone_bricks":1,"minecraft:hay_block":34,"minecraft:smooth_stone":1,"minecraft:furnace":11,"minecraft:carrots":6,"minecraft:iron_ore":11,"minecraft:barrel":3,"minecraft:andesite":21,"minecraft:stripped_spruce_log":1,"minecraft:pumpkin":33,"minecraft:bookshelf":4,"minecraft:potatoes":94,"minecraft:water_cauldron":1,"minecraft:lantern":57,"minecraft:stone":205,"minecraft:spruce_slab":1,"minecraft:smithing_table":2,"minecraft:smoker":3,"minecraft:dandelion":1,"minecraft:powder_snow":69,"minecraft:crafting_table":9,"minecraft:torch":9,"minecraft:blast_furnace":2,"biomesoplenty:snowblossom_leaves":31,"minecraft:chest":15,"minecraft:campfire":1,"minecraft:cobblestone":14,"minecraft:copper_ore":29,"minecraft:sugar_cane":12,"minecraft:blue_bed":1,"minecraft:diorite":56,"minecraft:wall_torch":4,"minecraft:purple_bed":6,"minecraft:wheat":35,"minecraft:sweet_berry_bush":20,"minecraft:light_gray_wool":1,"minecraft:spruce_log":4,"biomesoplenty:maple_leaves":8,"biomesoplenty:fir_log":222,"minecraft:grass":324,"minecraft:coal_ore":119,"minecraft:beetroots":17,"biomesoplenty:fir_leaves":32,"minecraft:gravel":70,"minecraft:dirt":28,"minecraft:stonecutter":1,"minecraft:fern":177},"minecraft:picked_up":{"minecraft:crafting_table":9,"minecraft:wheat":26,"grimoireofgaia:soulfire":6,"minecraft:chicken":18,"minecraft:suspicious_stew":2,"minecraft:smithing_table":2,"minecraft:potion":4,"gravestone:obituary":2,"minecraft:brewing_stand":2,"minecraft:shield":2,"minecraft:raw_copper":119,"minecraft:string":6,"minecraft:beetroot":14,"minecraft:cartography_table":1,"minecraft:gold_nugget":2,"minecraft:smooth_stone":1,"minecraft:spruce_planks":4,"minecraft:beef":4,"minecraft:iron_nugget":4,"minecraft:light_gray_wool":1,"minecraft:spruce_slab":1,"minecraft:chest":16,"minecraft:sugar_cane":21,"minecraft:furnace":11,"minecraft:stick":8,"minecraft:raw_iron":12,"minecraft:composter":32,"minecraft:torch":15,"minecraft:porkchop":4,"minecraft:snow_block":3,"minecraft:diorite":56,"minecraft:carrot":12,"minecraft:iron_horse_armor":2,"minecraft:cauldron":1,"minecraft:arrow":6,"minecraft:stone_shovel":1,"minecraft:beetroot_seeds":60,"minecraft:pumpkin_pie":6,"minecraft:hay_block":34,"minecraft:carved_pumpkin":5,"biomesoplenty:fir_slab":2,"minecraft:glow_berries":12,"minecraft:snowball":10,"minecraft:cobblestone":218,"minecraft:feather":20,"minecraft:salmon":4,"minecraft:andesite":21,"minecraft:leather":5,"minecraft:fern":1,"biomesoplenty:fir_sapling":13,"minecraft:potato":234,"minecraft:smoker":3,"biomesoplenty:fir_log":222,"minecraft:filled_map":1,"minecraft:flint":6,"minecraft:blue_bed":1,"minecraft:map":3,"minecraft:dirt":104,"minecraft:paper":8,"minecraft:lantern":57,"biomesoplenty:snowblossom_sapling":2,"minecraft:bone":15,"minecraft:apple":1,"minecraft:stonecutter":1,"minecraft:wheat_seeds":105,"minecraft:iron_ingot":3,"minecraft:stone_pickaxe":1,"minecraft:book":12,"minecraft:pumpkin":34,"minecraft:sweet_berries":168,"minecraft:chiseled_stone_bricks":1,"minecraft:dandelion":1,"minecraft:gravel":64,"minecraft:stripped_spruce_log":1,"minecraft:spruce_sapling":1,"minecraft:white_bed":2,"minecraft:blast_furnace":2,"minecraft:spruce_log":32,"minecraft:fermented_spider_eye":2,"minecraft:barrel":3,"minecraft:spider_eye":2,"minecraft:pumpkin_seeds":22,"minecraft:purple_bed":7,"minecraft:sugar":2,"minecraft:spruce_boat":7,"minecraft:granite":27,"minecraft:crossbow":1,"minecraft:blue_ice":1,"minecraft:grass":2,"minecraft:bread":16,"grimoireofgaia:fur":3,"minecraft:coal":136},"minecraft:broken":{"minecraft:stone_sword":1,"minecraft:stone_hoe":2,"minecraft:stone_pickaxe":4,"minecraft:stone_axe":2,"minecraft:stone_shovel":1}},"DataVersion":3465}