{"stats":{"minecraft:killed":{"minecraft:pig":1,"minecraft:salmon":3,"minecraft:spider":1,"minecraft:skeleton":2,"minecraft:pillager":2,"minecraft:chicken":18,"grimoireofgaia:kobold":2,"minecraft:cow":1},"minecraft:dropped":{"minecraft:cobblestone":1,"minecraft:fern":1,"minecraft:pumpkin_seeds":1,"minecraft:purple_bed":1,"minecraft:spruce_log":1,"minecraft:arrow":2,"minecraft:bone":2},"minecraft:crafted":{"minecraft:crafting_table":1,"minecraft:spruce_planks":28,"minecraft:cooked_chicken":15,"minecraft:wooden_pickaxe":1,"minecraft:furnace":2,"minecraft:cooked_salmon":4,"minecraft:stone_axe":1,"minecraft:air":0,"minecraft:stick":24,"minecraft:stone_pickaxe":2,"minecraft:stone_sword":1,"minecraft:chest":1,"minecraft:torch":60},"minecraft:custom":{"minecraft:interact_with_furnace":12,"minecraft:mob_kills":32,"minecraft:interact_with_crafting_table":11,"minecraft:time_since_death":58286,"minecraft:sleep_in_bed":2,"minecraft:time_since_rest":9766,"minecraft:sprint_one_cm":238835,"minecraft:damage_taken":845,"minecraft:walk_one_cm":185643,"minecraft:drop":7,"minecraft:damage_dealt":2725,"minecraft:swim_one_cm":20831,"minecraft:fly_one_cm":270825,"minecraft:open_chest":5,"minecraft:crouch_one_cm":1650,"minecraft:play_time":58286,"minecraft:sneak_time":640,"minecraft:walk_under_water_one_cm":10757,"minecraft:jump":1151,"minecraft:walk_on_water_one_cm":17264,"minecraft:total_world_time":58286,"minecraft:fall_one_cm":17855},"minecraft:used":{"minecraft:stone_sword":69,"minecraft:stone_pickaxe":169,"minecraft:wooden_pickaxe":6,"minecraft:cooked_chicken":2,"minecraft:cooked_salmon":4,"minecraft:torch":31,"minecraft:crafting_table":5,"minecraft:crossbow":3,"minecraft:stone_axe":37,"minecraft:cobblestone":11,"minecraft:purple_bed":1,"minecraft:sweet_berries":65,"minecraft:furnace":2,"minecraft:porkchop":1,"minecraft:andesite":1},"minecraft:mined":{"minecraft:powder_snow":2,"minecraft:glow_lichen":1,"minecraft:crafting_table":6,"minecraft:torch":5,"biomesoplenty:dead_leaves":15,"minecraft:grass_block":2,"biomesoplenty:snowblossom_leaves":31,"minecraft:chest":4,"biomesoplenty:white_petals":2,"minecraft:copper_ore":29,"minecraft:cobblestone":3,"minecraft:spruce_leaves":7,"minecraft:sugar_cane":3,"biomesoplenty:tundra_shrub":1,"minecraft:purple_bed":2,"minecraft:iron_ore":7,"minecraft:sweet_berry_bush":5,"minecraft:spruce_log":4,"minecraft:andesite":1,"biomesoplenty:maple_leaves":8,"minecraft:pumpkin":10,"minecraft:grass":1,"minecraft:coal_ore":71,"minecraft:dirt":2,"minecraft:stone":61,"minecraft:fern":1},"minecraft:picked_up":{"minecraft:crafting_table":6,"minecraft:feather":20,"minecraft:chicken":18,"minecraft:andesite":1,"minecraft:salmon":4,"minecraft:leather":1,"minecraft:fern":1,"minecraft:potato":15,"minecraft:dirt":4,"minecraft:string":4,"minecraft:raw_copper":119,"biomesoplenty:snowblossom_sapling":2,"minecraft:bone":14,"minecraft:apple":1,"minecraft:iron_ingot":3,"minecraft:iron_nugget":2,"minecraft:sugar_cane":9,"minecraft:chest":4,"minecraft:raw_iron":6,"minecraft:pumpkin":10,"minecraft:sweet_berries":66,"minecraft:torch":5,"minecraft:porkchop":1,"minecraft:spruce_sapling":1,"minecraft:spruce_log":32,"minecraft:iron_horse_armor":2,"minecraft:purple_bed":3,"minecraft:pumpkin_seeds":1,"minecraft:arrow":5,"minecraft:beetroot_seeds":4,"minecraft:crossbow":1,"minecraft:coal":77,"grimoireofgaia:fur":3,"minecraft:cobblestone":63},"minecraft:broken":{"minecraft:stone_pickaxe":1}},"DataVersion":3465}