{"stats":{"minecraft:killed":{"minecraft:skeleton":1,"minecraft:chicken":7,"minecraft:salmon":3,"grimoireofgaia:kobold":2},"minecraft:dropped":{"minecraft:cobblestone":1,"minecraft:spruce_log":1},"minecraft:crafted":{"minecraft:crafting_table":1,"minecraft:spruce_planks":28,"minecraft:stick":24,"minecraft:wooden_pickaxe":1,"minecraft:stone_pickaxe":2,"minecraft:stone_sword":1,"minecraft:furnace":1,"minecraft:cooked_salmon":4,"minecraft:torch":36,"minecraft:stone_axe":1,"minecraft:air":0},"minecraft:custom":{"minecraft:time_since_rest":22286,"minecraft:interact_with_furnace":4,"minecraft:sprint_one_cm":44391,"minecraft:damage_taken":280,"minecraft:walk_one_cm":86018,"minecraft:mob_kills":13,"minecraft:drop":2,"minecraft:damage_dealt":1248,"minecraft:interact_with_crafting_table":6,"minecraft:fly_one_cm":29354,"minecraft:open_chest":1,"minecraft:crouch_one_cm":1618,"minecraft:play_time":22286,"minecraft:sneak_time":608,"minecraft:walk_under_water_one_cm":4980,"minecraft:jump":244,"minecraft:walk_on_water_one_cm":4596,"minecraft:time_since_death":22286,"minecraft:total_world_time":22286,"minecraft:fall_one_cm":3940},"minecraft:used":{"minecraft:stone_sword":19,"minecraft:stone_pickaxe":155,"minecraft:wooden_pickaxe":6,"minecraft:cooked_salmon":3,"minecraft:stone_axe":13,"minecraft:torch":22,"minecraft:cobblestone":8,"minecraft:crafting_table":3,"minecraft:furnace":1,"minecraft:andesite":1},"minecraft:mined":{"minecraft:iron_ore":1,"minecraft:spruce_log":4,"minecraft:andesite":1,"minecraft:crafting_table":3,"minecraft:glow_lichen":1,"minecraft:coal_ore":71,"minecraft:dirt":2,"minecraft:copper_ore":29,"minecraft:spruce_leaves":1,"minecraft:stone":57,"minecraft:fern":1},"minecraft:picked_up":{"minecraft:crafting_table":3,"minecraft:raw_iron":1,"minecraft:feather":10,"minecraft:chicken":7,"minecraft:salmon":4,"minecraft:andesite":1,"minecraft:spruce_log":8,"minecraft:dirt":2,"minecraft:raw_copper":119,"minecraft:arrow":2,"minecraft:iron_nugget":2,"grimoireofgaia:fur":3,"minecraft:coal":74,"minecraft:cobblestone":56},"minecraft:broken":{"minecraft:stone_pickaxe":1}},"DataVersion":3465}