{"stats":{"minecraft:killed":{"minecraft:pig":3,"minecraft:salmon":3,"minecraft:spider":1,"minecraft:skeleton":2,"minecraft:pillager":2,"minecraft:chicken":18,"grimoireofgaia:kobold":2,"minecraft:cow":1},"minecraft:dropped":{"minecraft:cobblestone":1,"minecraft:fern":1,"minecraft:pumpkin_seeds":1,"minecraft:purple_bed":1,"minecraft:spruce_log":1,"minecraft:arrow":2,"minecraft:bone":2},"minecraft:crafted":{"sophisticatedbackpacks:backpack":1,"minecraft:crafting_table":1,"minecraft:spruce_planks":28,"minecraft:cooked_chicken":18,"minecraft:wooden_pickaxe":1,"minecraft:furnace":2,"minecraft:cooked_salmon":4,"minecraft:stone_axe":1,"minecraft:air":0,"minecraft:leather":3,"minecraft:stick":24,"minecraft:iron_ingot":4,"minecraft:stone_pickaxe":2,"minecraft:stone_sword":1,"minecraft:chest":1,"minecraft:torch":60},"minecraft:custom":{"minecraft:interact_with_furnace":14,"minecraft:mob_kills":34,"minecraft:interact_with_crafting_table":13,"minecraft:time_since_death":76286,"minecraft:sleep_in_bed":3,"minecraft:time_since_rest":7445,"minecraft:sprint_one_cm":308198,"minecraft:damage_taken":965,"minecraft:walk_one_cm":214024,"minecraft:drop":7,"minecraft:damage_dealt":2915,"minecraft:swim_one_cm":21515,"minecraft:fly_one_cm":372674,"minecraft:open_chest":9,"minecraft:crouch_one_cm":2990,"minecraft:play_time":76286,"minecraft:sneak_time":1346,"minecraft:walk_under_water_one_cm":11197,"minecraft:jump":1492,"minecraft:walk_on_water_one_cm":18982,"minecraft:total_world_time":76286,"minecraft:fall_one_cm":25625},"minecraft:used":{"minecraft:stone_sword":81,"minecraft:stone_pickaxe":253,"minecraft:wooden_pickaxe":6,"minecraft:cooked_chicken":6,"minecraft:cooked_salmon":4,"minecraft:torch":33,"minecraft:dirt":5,"minecraft:crafting_table":5,"minecraft:crossbow":3,"minecraft:stone_axe":55,"minecraft:cobblestone":20,"minecraft:purple_bed":2,"minecraft:sweet_berries":65,"minecraft:furnace":2,"minecraft:porkchop":1,"minecraft:andesite":1},"minecraft:mined":{"minecraft:smithing_table":1,"minecraft:smoker":3,"minecraft:powder_snow":53,"minecraft:glow_lichen":1,"minecraft:crafting_table":7,"minecraft:torch":6,"biomesoplenty:dead_leaves":15,"minecraft:grass_block":3,"biomesoplenty:snowblossom_leaves":31,"minecraft:chest":8,"biomesoplenty:white_petals":2,"minecraft:copper_ore":29,"minecraft:cobblestone":13,"minecraft:spruce_leaves":8,"minecraft:composter":1,"minecraft:sugar_cane":3,"biomesoplenty:tundra_shrub":1,"minecraft:wall_torch":1,"minecraft:smooth_stone":1,"minecraft:purple_bed":3,"minecraft:furnace":7,"minecraft:wheat":1,"minecraft:iron_ore":7,"minecraft:sweet_berry_bush":5,"minecraft:spruce_log":4,"minecraft:andesite":1,"biomesoplenty:maple_leaves":8,"minecraft:pumpkin":10,"minecraft:grass":1,"minecraft:coal_ore":71,"minecraft:lantern":44,"minecraft:dirt":2,"minecraft:stone":62,"minecraft:fern":1},"minecraft:picked_up":{"minecraft:crafting_table":7,"minecraft:feather":20,"minecraft:chicken":18,"minecraft:andesite":1,"minecraft:salmon":4,"minecraft:smithing_table":1,"minecraft:leather":1,"minecraft:fern":1,"minecraft:smoker":3,"minecraft:potato":44,"minecraft:lantern":44,"minecraft:dirt":5,"minecraft:string":6,"minecraft:raw_copper":119,"biomesoplenty:snowblossom_sapling":2,"minecraft:bone":14,"minecraft:apple":1,"minecraft:smooth_stone":1,"minecraft:iron_ingot":3,"minecraft:iron_nugget":2,"minecraft:sugar_cane":9,"minecraft:chest":8,"minecraft:furnace":7,"minecraft:raw_iron":8,"minecraft:pumpkin":10,"minecraft:sweet_berries":66,"minecraft:composter":1,"minecraft:torch":7,"minecraft:snow_block":3,"minecraft:porkchop":4,"minecraft:carrot":1,"minecraft:spruce_sapling":1,"minecraft:spruce_log":32,"minecraft:iron_horse_armor":2,"minecraft:purple_bed":4,"minecraft:pumpkin_seeds":1,"minecraft:arrow":5,"minecraft:beetroot_seeds":17,"minecraft:blue_ice":1,"minecraft:crossbow":1,"minecraft:bread":5,"minecraft:snowball":10,"minecraft:coal":80,"grimoireofgaia:fur":3,"minecraft:cobblestone":74},"minecraft:broken":{"minecraft:stone_pickaxe":1}},"DataVersion":3465}