{"stats":{"minecraft:killed_by":{"grimoireofgaia:deathword":1,"grimoireofgaia:nine_tails":2},"minecraft:killed":{"minecraft:spider":1,"minecraft:creeper":1,"minecraft:skeleton":1},"minecraft:dropped":{"gravestone:obituary":3},"minecraft:crafted":{"minecraft:crafting_table":1,"minecraft:spruce_planks":28,"minecraft:wooden_pickaxe":1,"tacz:gun_smith_table":1,"minecraft:stone_axe":1,"minecraft:air":0,"minecraft:stick":24,"minecraft:iron_ingot":19,"minecraft:iron_pickaxe":1,"minecraft:stone_pickaxe":1,"minecraft:wooden_axe":1,"minecraft:iron_block":1,"minecraft:spruce_boat":1,"minecraft:torch":20},"minecraft:custom":{"minecraft:interact_with_furnace":12,"minecraft:mob_kills":3,"minecraft:interact_with_crafting_table":11,"minecraft:time_since_death":6839,"minecraft:sleep_in_bed":2,"minecraft:time_since_rest":6870,"minecraft:sprint_one_cm":105901,"minecraft:damage_taken":940,"minecraft:walk_one_cm":177924,"minecraft:damage_blocked_by_shield":155,"minecraft:drop":3,"minecraft:damage_dealt":705,"minecraft:swim_one_cm":659,"minecraft:fly_one_cm":78860,"minecraft:open_chest":7,"minecraft:crouch_one_cm":4726,"minecraft:play_time":40058,"minecraft:deaths":3,"minecraft:sneak_time":1517,"minecraft:walk_under_water_one_cm":2854,"minecraft:boat_one_cm":15678,"minecraft:jump":575,"minecraft:walk_on_water_one_cm":6215,"minecraft:total_world_time":40058,"minecraft:fall_one_cm":12409},"minecraft:used":{"minecraft:stone_pickaxe":124,"tacz:gun_smith_table":2,"minecraft:shield":4,"minecraft:wooden_pickaxe":44,"minecraft:torch":11,"minecraft:dirt":7,"minecraft:crafting_table":3,"minecraft:red_bed":2,"minecraft:spruce_boat":1,"minecraft:wooden_axe":23,"minecraft:iron_pickaxe":28,"minecraft:spruce_sapling":1,"minecraft:stone_axe":6,"minecraft:cobblestone":15,"minecraft:andesite":21},"minecraft:mined":{"minecraft:deepslate_redstone_ore":1,"minecraft:red_bed":2,"minecraft:crafting_table":3,"minecraft:torch":3,"minecraft:granite":7,"gravestone:gravestone":3,"minecraft:grass_block":9,"minecraft:copper_ore":37,"minecraft:spruce_leaves":1,"minecraft:lapis_ore":2,"tacz:gun_smith_table":1,"minecraft:diorite":1,"biomesoplenty:tundra_shrub":30,"minecraft:redstone_ore":9,"biomesoplenty:toadstool":1,"minecraft:iron_ore":32,"minecraft:spruce_log":7,"minecraft:andesite":25,"biomesoplenty:fir_log":9,"minecraft:grass":15,"minecraft:coal_ore":30,"minecraft:deepslate_iron_ore":1,"minecraft:gravel":6,"minecraft:dirt":4,"minecraft:stone":40,"minecraft:gold_ore":3,"minecraft:fern":38},"minecraft:picked_up":{"minecraft:crafting_table":3,"minecraft:andesite":25,"biomesoplenty:fir_log":9,"minecraft:potion":1,"minecraft:flint":1,"minecraft:shield":1,"minecraft:gunpowder":2,"minecraft:lapis_lazuli":14,"minecraft:red_bed":2,"minecraft:dirt":19,"minecraft:raw_copper":128,"minecraft:bone":2,"minecraft:wheat_seeds":7,"minecraft:raw_gold":3,"biomesoplenty:fir_planks":1,"minecraft:iron_nugget":2,"tacz:gun_smith_table":1,"biomesoplenty:toadstool":4,"minecraft:raw_iron":33,"minecraft:torch":3,"minecraft:gravel":10,"minecraft:spruce_sapling":1,"minecraft:diorite":1,"minecraft:spruce_log":7,"minecraft:redstone":44,"minecraft:rotten_flesh":1,"minecraft:spruce_boat":1,"minecraft:granite":7,"minecraft:coal":30,"minecraft:cobblestone":40}},"DataVersion":3465}