{"stats":{"minecraft:killed_by":{"minecraft:creeper":1,"grimoireofgaia:flesh_lich":1,"grimoireofgaia:yuki_onna":1,"grimoireofgaia:bone_knight":2,"grimoireofgaia:deathword":1,"grimoireofgaia:nine_tails":2,"grimoireofgaia:mimic":1},"minecraft:killed":{"grimoireofgaia:cyclops":4,"minecraft:spider":3,"minecraft:skeleton":6,"minecraft:pig":1,"minecraft:creeper":1,"grimoireofgaia:oni":1,"minecraft:sheep":3,"minecraft:zombie":5,"minecraft:cow":4},"minecraft:crafted":{"minecraft:stone_shovel":2,"minecraft:purple_bed":1,"minecraft:stone":3,"minecraft:raw_copper_block":23,"minecraft:cooked_mutton":3,"sophisticatedbackpacks:copper_backpack":1,"minecraft:stone_pickaxe":9,"minecraft:chest":3,"minecraft:spruce_boat":1,"minecraft:red_dye":1,"sophisticatedbackpacks:backpack":2,"minecraft:crafting_table":1,"minecraft:spruce_planks":32,"minecraft:enchanting_table":1,"minecraft:wooden_pickaxe":1,"minecraft:iron_sword":1,"tacz:gun_smith_table":1,"minecraft:cooked_salmon":3,"minecraft:copper_ingot":120,"minecraft:bucket":1,"minecraft:campfire":2,"minecraft:stone_axe":1,"minecraft:bread":2,"minecraft:air":0,"minecraft:blue_dye":1,"biomesoplenty:fir_planks":48,"minecraft:purple_dye":2,"minecraft:book":1,"minecraft:paper":48,"minecraft:charcoal":14,"minecraft:diamond_pickaxe":1,"minecraft:stick":52,"minecraft:iron_ingot":108,"minecraft:iron_pickaxe":1,"minecraft:wooden_axe":1,"minecraft:iron_block":1,"minecraft:gold_ingot":3,"minecraft:stonecutter":1,"minecraft:white_bed":1,"minecraft:torch":40},"minecraft:custom":{"minecraft:mob_kills":30,"minecraft:interact_with_crafting_table":53,"minecraft:interact_with_campfire":28,"minecraft:bell_ring":1,"minecraft:time_since_death":5307,"minecraft:climb_one_cm":26,"minecraft:sprint_one_cm":419775,"minecraft:walk_one_cm":743545,"minecraft:damage_blocked_by_shield":3270,"minecraft:drop":16,"minecraft:talked_to_villager":2,"minecraft:play_time":208058,"minecraft:deaths":9,"minecraft:sneak_time":7278,"minecraft:walk_under_water_one_cm":23647,"minecraft:boat_one_cm":15678,"minecraft:jump":2496,"minecraft:walk_on_water_one_cm":46186,"minecraft:total_world_time":208058,"minecraft:interact_with_furnace":76,"minecraft:interact_with_stonecutter":2,"minecraft:sleep_in_bed":10,"minecraft:time_since_rest":5339,"minecraft:damage_taken":3015,"minecraft:damage_dealt":7079,"minecraft:swim_one_cm":3757,"minecraft:fly_one_cm":390945,"minecraft:open_chest":109,"minecraft:crouch_one_cm":20681,"minecraft:fall_one_cm":46753},"minecraft:dropped":{"minecraft:iron_sword":1,"gravestone:obituary":8,"tacz:modern_kinetic_gun":2,"minecraft:potato":128,"grimoireofgaia:fur":1,"minecraft:wooden_pickaxe":1},"minecraft:used":{"minecraft:enchanting_table":1,"minecraft:stone_shovel":265,"tacz:gun_smith_table":2,"minecraft:chest":3,"minecraft:shield":94,"minecraft:iron_sword":56,"minecraft:cooked_salmon":3,"minecraft:rotten_flesh":5,"minecraft:torch":41,"minecraft:dirt":221,"minecraft:deepslate_tile_slab":2,"minecraft:spruce_boat":1,"minecraft:wooden_axe":23,"minecraft:sweet_berries":50,"minecraft:potato":261,"minecraft:cobbled_deepslate":1,"minecraft:cooked_mutton":3,"minecraft:water_bucket":11,"minecraft:stone_pickaxe":1179,"minecraft:baked_potato":2,"minecraft:composter":2,"minecraft:wooden_pickaxe":45,"biomesoplenty:fir_planks":5,"minecraft:stonecutter":1,"minecraft:crafting_table":7,"minecraft:red_bed":2,"minecraft:campfire":2,"minecraft:white_bed":1,"minecraft:deepslate_brick_stairs":180,"minecraft:diamond_pickaxe":5,"minecraft:bread":3,"minecraft:iron_pickaxe":123,"minecraft:spruce_sapling":1,"minecraft:stone_axe":79,"minecraft:purple_bed":1,"minecraft:cobblestone":147,"minecraft:andesite":50,"minecraft:bucket":12},"minecraft:mined":{"minecraft:tuff":46,"minecraft:spruce_planks":2,"minecraft:white_bed":1,"minecraft:deepslate_diamond_ore":5,"minecraft:candle":1,"minecraft:obsidian":4,"gravestone:gravestone":9,"minecraft:granite":17,"minecraft:grass_block":150,"minecraft:spruce_leaves":1,"biomesoplenty:dead_grass":1,"minecraft:composter":2,"tacz:gun_smith_table":1,"biomesoplenty:tundra_shrub":30,"minecraft:chiseled_stone_bricks":1,"minecraft:redstone_ore":16,"biomesoplenty:toadstool":1,"minecraft:iron_ore":115,"minecraft:andesite":79,"minecraft:potatoes":160,"minecraft:dirt_path":2,"minecraft:deepslate_iron_ore":1,"minecraft:deepslate_brick_stairs":6,"minecraft:stone":436,"minecraft:deepslate_redstone_ore":6,"minecraft:red_bed":2,"minecraft:powder_snow":28,"minecraft:crafting_table":7,"minecraft:cornflower":1,"minecraft:torch":3,"minecraft:poppy":1,"minecraft:chest":1,"minecraft:cobblestone":12,"minecraft:copper_ore":85,"minecraft:white_candle":4,"minecraft:lapis_ore":2,"minecraft:sugar_cane":21,"minecraft:diorite":12,"minecraft:wall_torch":1,"minecraft:purple_bed":1,"minecraft:sweet_berry_bush":2,"minecraft:blue_ice":1,"minecraft:spruce_log":7,"biomesoplenty:fir_log":17,"minecraft:grass":49,"minecraft:coal_ore":30,"minecraft:dirt":169,"minecraft:gravel":42,"minecraft:gold_ore":11,"minecraft:deepslate":437,"minecraft:fern":90},"minecraft:picked_up":{"minecraft:crafting_table":7,"minecraft:potion":1,"minecraft:shield":1,"minecraft:cornflower":1,"minecraft:string":4,"minecraft:red_bed":2,"minecraft:raw_copper":293,"tacz:ammo":60,"minecraft:candle":3,"minecraft:gold_nugget":1,"minecraft:cobbled_deepslate":435,"biomesoplenty:fir_planks":1,"minecraft:spruce_planks":2,"minecraft:beef":6,"minecraft:iron_nugget":8,"minecraft:poppy":1,"minecraft:chest":1,"minecraft:sugar_cane":17,"minecraft:stick":1,"minecraft:raw_iron":110,"minecraft:composter":2,"minecraft:torch":4,"minecraft:porkchop":1,"tacz:attachment":1,"minecraft:diorite":11,"minecraft:redstone":97,"minecraft:arrow":2,"minecraft:rotten_flesh":6,"minecraft:deepslate_brick_stairs":6,"minecraft:mutton":3,"minecraft:obsidian":4,"minecraft:white_wool":3,"minecraft:cobblestone":443,"minecraft:salmon":4,"minecraft:andesite":79,"minecraft:leather":5,"minecraft:potato":350,"biomesoplenty:fir_sapling":2,"biomesoplenty:fir_log":15,"minecraft:flint":8,"minecraft:tuff":46,"minecraft:gunpowder":2,"minecraft:lapis_lazuli":15,"minecraft:dirt":323,"minecraft:bone":8,"minecraft:wheat_seeds":14,"minecraft:raw_gold":11,"minecraft:iron_ingot":1,"tacz:gun_smith_table":1,"minecraft:iron_sword":1,"biomesoplenty:toadstool":4,"minecraft:sweet_berries":32,"minecraft:chiseled_stone_bricks":1,"minecraft:gravel":45,"minecraft:spruce_sapling":1,"minecraft:white_bed":1,"minecraft:spruce_log":7,"minecraft:white_candle":13,"minecraft:purple_bed":1,"minecraft:diamond":5,"minecraft:spruce_boat":1,"tacz:modern_kinetic_gun":7,"minecraft:granite":19,"minecraft:bone_meal":1,"minecraft:bread":1,"minecraft:baked_potato":20,"grimoireofgaia:fur":6,"minecraft:coal":33},"minecraft:broken":{"minecraft:stone_pickaxe":9,"minecraft:shield":1,"minecraft:stone_axe":1,"minecraft:stone_shovel":2}},"DataVersion":3465}