{"stats":{"minecraft:crafted":{"minecraft:crafting_table":1,"minecraft:spruce_planks":28,"minecraft:stick":8,"minecraft:wooden_pickaxe":1,"minecraft:stone_pickaxe":1,"minecraft:wooden_axe":1,"minecraft:spruce_boat":1,"minecraft:torch":4},"minecraft:custom":{"minecraft:time_since_rest":6495,"minecraft:sprint_one_cm":29213,"minecraft:damage_taken":120,"minecraft:walk_one_cm":90487,"minecraft:interact_with_crafting_table":6,"minecraft:swim_one_cm":659,"minecraft:fly_one_cm":28836,"minecraft:open_chest":1,"minecraft:play_time":16058,"minecraft:sneak_time":2,"minecraft:walk_under_water_one_cm":2854,"minecraft:boat_one_cm":15678,"minecraft:jump":235,"minecraft:walk_on_water_one_cm":5594,"minecraft:time_since_death":16058,"minecraft:sleep_in_bed":1,"minecraft:total_world_time":16058,"minecraft:fall_one_cm":4147},"minecraft:used":{"minecraft:spruce_boat":1,"minecraft:wooden_axe":17,"minecraft:stone_pickaxe":47,"minecraft:wooden_pickaxe":5,"minecraft:spruce_sapling":1,"minecraft:torch":4,"minecraft:crafting_table":3,"minecraft:red_bed":1},"minecraft:mined":{"minecraft:red_bed":1,"biomesoplenty:toadstool":1,"minecraft:spruce_log":7,"minecraft:torch":3,"biomesoplenty:fir_log":9,"minecraft:crafting_table":3,"minecraft:grass":15,"minecraft:grass_block":4,"minecraft:coal_ore":7,"minecraft:gravel":6,"minecraft:copper_ore":28,"minecraft:spruce_leaves":1,"minecraft:stone":11,"minecraft:diorite":1,"biomesoplenty:tundra_shrub":30,"minecraft:fern":38},"minecraft:picked_up":{"biomesoplenty:toadstool":4,"minecraft:crafting_table":3,"minecraft:torch":3,"minecraft:gravel":10,"biomesoplenty:fir_log":9,"minecraft:flint":1,"minecraft:spruce_sapling":1,"minecraft:diorite":1,"minecraft:spruce_log":7,"minecraft:dirt":4,"minecraft:red_bed":1,"minecraft:raw_copper":99,"minecraft:spruce_boat":1,"minecraft:wheat_seeds":6,"minecraft:coal":7,"minecraft:cobblestone":11}},"DataVersion":3465}