{"stats":{"minecraft:killed_by":{"grimoireofgaia:bone_knight":2,"grimoireofgaia:deathword":1,"grimoireofgaia:nine_tails":2,"grimoireofgaia:flesh_lich":1,"grimoireofgaia:mimic":1},"minecraft:killed":{"minecraft:spider":1,"minecraft:creeper":1,"grimoireofgaia:oni":1,"minecraft:sheep":3,"minecraft:skeleton":4,"minecraft:zombie":4},"minecraft:dropped":{"gravestone:obituary":7,"tacz:modern_kinetic_gun":2,"minecraft:wooden_pickaxe":1},"minecraft:crafted":{"minecraft:stone_shovel":2,"minecraft:crafting_table":1,"minecraft:spruce_planks":28,"minecraft:wooden_pickaxe":1,"minecraft:cooked_salmon":3,"tacz:gun_smith_table":1,"minecraft:copper_ingot":120,"minecraft:stone":3,"minecraft:stone_axe":1,"minecraft:raw_copper_block":23,"minecraft:cooked_mutton":3,"minecraft:air":0,"biomesoplenty:fir_planks":28,"minecraft:charcoal":14,"minecraft:stick":40,"minecraft:iron_ingot":89,"minecraft:chest":2,"minecraft:iron_pickaxe":1,"minecraft:stone_pickaxe":8,"minecraft:wooden_axe":1,"minecraft:iron_block":1,"minecraft:stonecutter":1,"minecraft:gold_ingot":3,"minecraft:white_bed":1,"minecraft:spruce_boat":1,"minecraft:torch":40},"minecraft:custom":{"minecraft:interact_with_furnace":72,"minecraft:mob_kills":14,"minecraft:interact_with_crafting_table":37,"minecraft:time_since_death":59444,"minecraft:sleep_in_bed":8,"minecraft:time_since_rest":11731,"minecraft:sprint_one_cm":225219,"minecraft:damage_taken":2100,"minecraft:walk_one_cm":433640,"minecraft:damage_blocked_by_shield":1575,"minecraft:drop":10,"minecraft:damage_dealt":3085,"minecraft:swim_one_cm":659,"minecraft:fly_one_cm":182491,"minecraft:open_chest":67,"minecraft:crouch_one_cm":20618,"minecraft:play_time":124058,"minecraft:deaths":7,"minecraft:sneak_time":6865,"minecraft:walk_under_water_one_cm":3805,"minecraft:boat_one_cm":15678,"minecraft:jump":1360,"minecraft:walk_on_water_one_cm":8533,"minecraft:total_world_time":124058,"minecraft:fall_one_cm":25188},"minecraft:used":{"minecraft:cooked_mutton":3,"minecraft:stone_shovel":265,"minecraft:stone_pickaxe":922,"minecraft:chest":2,"tacz:gun_smith_table":2,"minecraft:shield":44,"minecraft:wooden_pickaxe":45,"minecraft:stonecutter":1,"minecraft:cooked_salmon":3,"minecraft:rotten_flesh":2,"minecraft:torch":30,"minecraft:dirt":221,"minecraft:crafting_table":6,"minecraft:red_bed":2,"minecraft:white_bed":1,"minecraft:spruce_boat":1,"minecraft:wooden_axe":23,"minecraft:iron_pickaxe":64,"minecraft:spruce_sapling":1,"minecraft:stone_axe":50,"minecraft:cobblestone":143,"minecraft:andesite":21},"minecraft:mined":{"minecraft:deepslate_redstone_ore":1,"minecraft:tuff":45,"minecraft:white_bed":1,"minecraft:red_bed":2,"minecraft:crafting_table":6,"minecraft:torch":3,"minecraft:granite":17,"gravestone:gravestone":7,"minecraft:grass_block":147,"minecraft:copper_ore":85,"minecraft:cobblestone":8,"minecraft:spruce_leaves":1,"minecraft:lapis_ore":2,"tacz:gun_smith_table":1,"minecraft:diorite":12,"biomesoplenty:tundra_shrub":30,"minecraft:wall_torch":1,"minecraft:redstone_ore":16,"biomesoplenty:toadstool":1,"minecraft:iron_ore":115,"minecraft:spruce_log":7,"minecraft:andesite":59,"biomesoplenty:fir_log":17,"minecraft:grass":48,"minecraft:coal_ore":30,"minecraft:deepslate_iron_ore":1,"minecraft:gravel":36,"minecraft:dirt":167,"minecraft:stone":431,"minecraft:gold_ore":11,"minecraft:deepslate":189,"minecraft:fern":87},"minecraft:picked_up":{"minecraft:crafting_table":6,"minecraft:andesite":59,"biomesoplenty:fir_sapling":2,"biomesoplenty:fir_log":15,"minecraft:potion":1,"minecraft:flint":4,"minecraft:tuff":39,"minecraft:shield":1,"minecraft:gunpowder":2,"minecraft:lapis_lazuli":15,"minecraft:red_bed":2,"minecraft:dirt":317,"minecraft:raw_copper":293,"tacz:ammo":60,"minecraft:bone":6,"minecraft:cobbled_deepslate":185,"minecraft:wheat_seeds":13,"minecraft:gold_nugget":1,"minecraft:raw_gold":11,"biomesoplenty:fir_planks":1,"minecraft:iron_nugget":3,"tacz:gun_smith_table":1,"minecraft:stick":1,"biomesoplenty:toadstool":4,"minecraft:raw_iron":110,"minecraft:torch":4,"minecraft:gravel":36,"tacz:attachment":1,"minecraft:spruce_sapling":1,"minecraft:diorite":11,"minecraft:white_bed":1,"minecraft:spruce_log":7,"minecraft:redstone":73,"minecraft:arrow":1,"minecraft:rotten_flesh":5,"tacz:modern_kinetic_gun":6,"minecraft:spruce_boat":1,"minecraft:granite":19,"minecraft:mutton":3,"minecraft:coal":30,"minecraft:white_wool":3,"minecraft:cobblestone":436},"minecraft:broken":{"minecraft:stone_pickaxe":7,"minecraft:stone_shovel":2}},"DataVersion":3465}