{"stats":{"minecraft:killed_by":{"grimoireofgaia:bone_knight":2,"grimoireofgaia:deathword":1,"grimoireofgaia:nine_tails":2,"grimoireofgaia:flesh_lich":1,"grimoireofgaia:mimic":1},"minecraft:killed":{"minecraft:spider":1,"minecraft:creeper":1,"minecraft:sheep":3,"minecraft:skeleton":4,"minecraft:zombie":4},"minecraft:dropped":{"gravestone:obituary":7,"tacz:modern_kinetic_gun":2,"minecraft:wooden_pickaxe":1},"minecraft:crafted":{"minecraft:crafting_table":1,"minecraft:spruce_planks":28,"minecraft:wooden_pickaxe":1,"minecraft:cooked_salmon":1,"tacz:gun_smith_table":1,"minecraft:copper_ingot":98,"minecraft:stone":3,"minecraft:stone_axe":1,"minecraft:cooked_mutton":3,"minecraft:air":0,"biomesoplenty:fir_planks":24,"minecraft:stick":24,"minecraft:iron_ingot":64,"minecraft:iron_pickaxe":1,"minecraft:stone_pickaxe":3,"minecraft:wooden_axe":1,"minecraft:iron_block":1,"minecraft:gold_ingot":3,"minecraft:white_bed":1,"minecraft:spruce_boat":1,"minecraft:torch":20},"minecraft:custom":{"minecraft:interact_with_furnace":47,"minecraft:mob_kills":13,"minecraft:interact_with_crafting_table":20,"minecraft:time_since_death":11444,"minecraft:sleep_in_bed":5,"minecraft:time_since_rest":4395,"minecraft:sprint_one_cm":200592,"minecraft:damage_taken":1960,"minecraft:walk_one_cm":295983,"minecraft:damage_blocked_by_shield":1410,"minecraft:drop":10,"minecraft:damage_dealt":2585,"minecraft:swim_one_cm":659,"minecraft:fly_one_cm":168180,"minecraft:open_chest":43,"minecraft:crouch_one_cm":4871,"minecraft:play_time":76058,"minecraft:deaths":7,"minecraft:sneak_time":1664,"minecraft:walk_under_water_one_cm":3805,"minecraft:boat_one_cm":15678,"minecraft:jump":1160,"minecraft:walk_on_water_one_cm":8355,"minecraft:total_world_time":76058,"minecraft:fall_one_cm":24182},"minecraft:used":{"minecraft:cooked_mutton":3,"minecraft:stone_pickaxe":205,"tacz:gun_smith_table":2,"minecraft:shield":39,"minecraft:wooden_pickaxe":45,"minecraft:cooked_salmon":1,"minecraft:rotten_flesh":1,"minecraft:torch":19,"minecraft:dirt":7,"minecraft:crafting_table":3,"minecraft:red_bed":2,"minecraft:spruce_boat":1,"minecraft:wooden_axe":23,"minecraft:iron_pickaxe":50,"minecraft:spruce_sapling":1,"minecraft:stone_axe":32,"minecraft:cobblestone":15,"minecraft:andesite":21},"minecraft:mined":{"minecraft:deepslate_redstone_ore":1,"minecraft:red_bed":2,"minecraft:crafting_table":3,"minecraft:torch":3,"minecraft:granite":10,"gravestone:gravestone":7,"minecraft:grass_block":9,"minecraft:copper_ore":47,"minecraft:spruce_leaves":1,"minecraft:lapis_ore":2,"tacz:gun_smith_table":1,"minecraft:diorite":4,"biomesoplenty:tundra_shrub":30,"minecraft:redstone_ore":16,"biomesoplenty:toadstool":1,"minecraft:iron_ore":97,"minecraft:spruce_log":7,"minecraft:andesite":25,"biomesoplenty:fir_log":9,"minecraft:grass":15,"minecraft:coal_ore":30,"minecraft:deepslate_iron_ore":1,"minecraft:gravel":6,"minecraft:dirt":4,"minecraft:stone":56,"minecraft:gold_ore":3,"minecraft:fern":38},"minecraft:picked_up":{"minecraft:crafting_table":3,"minecraft:andesite":25,"biomesoplenty:fir_log":9,"minecraft:potion":1,"minecraft:flint":1,"minecraft:shield":1,"minecraft:gunpowder":2,"minecraft:lapis_lazuli":15,"minecraft:red_bed":2,"minecraft:dirt":37,"minecraft:raw_copper":160,"tacz:ammo":60,"minecraft:bone":6,"minecraft:wheat_seeds":7,"minecraft:gold_nugget":1,"minecraft:raw_gold":3,"biomesoplenty:fir_planks":1,"minecraft:iron_nugget":2,"tacz:gun_smith_table":1,"biomesoplenty:toadstool":4,"minecraft:raw_iron":95,"minecraft:torch":3,"minecraft:gravel":10,"tacz:attachment":1,"minecraft:spruce_sapling":1,"minecraft:diorite":4,"minecraft:spruce_log":7,"minecraft:redstone":73,"minecraft:arrow":1,"minecraft:rotten_flesh":4,"tacz:modern_kinetic_gun":5,"minecraft:spruce_boat":1,"minecraft:granite":12,"minecraft:mutton":3,"minecraft:coal":30,"minecraft:white_wool":3,"minecraft:cobblestone":60},"minecraft:broken":{"minecraft:stone_pickaxe":1}},"DataVersion":3465}