{"stats":{"minecraft:crafted":{"minecraft:crafting_table":1,"minecraft:spruce_planks":28,"minecraft:stick":8,"minecraft:wooden_axe":1},"minecraft:custom":{"minecraft:time_since_rest":4058,"minecraft:play_time":4058,"minecraft:sprint_one_cm":6247,"minecraft:damage_taken":40,"minecraft:walk_one_cm":11600,"minecraft:walk_under_water_one_cm":1797,"minecraft:jump":52,"minecraft:time_since_death":4058,"minecraft:walk_on_water_one_cm":1100,"minecraft:total_world_time":4058,"minecraft:swim_one_cm":659,"minecraft:fall_one_cm":1153,"minecraft:interact_with_crafting_table":2,"minecraft:fly_one_cm":11608},"minecraft:used":{"minecraft:wooden_axe":2,"minecraft:crafting_table":1},"minecraft:mined":{"minecraft:spruce_log":7,"minecraft:spruce_leaves":1,"minecraft:crafting_table":1},"minecraft:picked_up":{"minecraft:crafting_table":1,"minecraft:spruce_sapling":1,"minecraft:spruce_log":7}},"DataVersion":3465}