{"stats":{"minecraft:killed_by":{"grimoireofgaia:nine_tails":1,"grimoireofgaia:deathword":1},"minecraft:killed":{"minecraft:skeleton":1,"minecraft:spider":1},"minecraft:dropped":{"gravestone:obituary":1},"minecraft:crafted":{"minecraft:iron_ingot":1,"minecraft:crafting_table":1,"minecraft:spruce_planks":28,"minecraft:stick":8,"minecraft:wooden_pickaxe":1,"minecraft:stone_pickaxe":1,"minecraft:wooden_axe":1,"minecraft:spruce_boat":1,"minecraft:torch":4,"minecraft:air":0},"minecraft:custom":{"minecraft:time_since_rest":1644,"minecraft:interact_with_furnace":3,"minecraft:sprint_one_cm":69353,"minecraft:damage_taken":660,"minecraft:walk_one_cm":136404,"minecraft:mob_kills":2,"minecraft:drop":1,"minecraft:damage_dealt":375,"minecraft:interact_with_crafting_table":6,"minecraft:swim_one_cm":659,"minecraft:fly_one_cm":44797,"minecraft:open_chest":3,"minecraft:crouch_one_cm":4158,"minecraft:play_time":28058,"minecraft:deaths":2,"minecraft:sneak_time":1291,"minecraft:walk_under_water_one_cm":2854,"minecraft:boat_one_cm":15678,"minecraft:jump":413,"minecraft:walk_on_water_one_cm":5594,"minecraft:time_since_death":1601,"minecraft:sleep_in_bed":1,"minecraft:total_world_time":28058,"minecraft:fall_one_cm":7380},"minecraft:used":{"minecraft:spruce_boat":1,"minecraft:wooden_axe":23,"minecraft:stone_pickaxe":121,"minecraft:wooden_pickaxe":21,"minecraft:spruce_sapling":1,"minecraft:torch":7,"minecraft:dirt":7,"minecraft:cobblestone":15,"minecraft:crafting_table":3,"minecraft:red_bed":1,"minecraft:andesite":21},"minecraft:mined":{"minecraft:red_bed":1,"biomesoplenty:toadstool":1,"minecraft:iron_ore":21,"minecraft:spruce_log":7,"minecraft:andesite":22,"minecraft:torch":3,"biomesoplenty:fir_log":9,"minecraft:crafting_table":3,"gravestone:gravestone":2,"minecraft:grass":15,"minecraft:grass_block":7,"minecraft:coal_ore":30,"minecraft:dirt":4,"minecraft:gravel":6,"minecraft:copper_ore":37,"minecraft:spruce_leaves":1,"minecraft:stone":25,"minecraft:diorite":1,"biomesoplenty:tundra_shrub":30,"minecraft:fern":38},"minecraft:picked_up":{"biomesoplenty:toadstool":4,"minecraft:raw_iron":21,"minecraft:crafting_table":3,"minecraft:andesite":22,"minecraft:torch":3,"minecraft:gravel":10,"biomesoplenty:fir_log":9,"minecraft:flint":1,"minecraft:shield":1,"minecraft:spruce_sapling":1,"minecraft:diorite":1,"minecraft:spruce_log":7,"minecraft:dirt":17,"minecraft:red_bed":1,"minecraft:raw_copper":128,"minecraft:bone":2,"minecraft:spruce_boat":1,"minecraft:wheat_seeds":7,"minecraft:coal":30,"minecraft:cobblestone":25}},"DataVersion":3465}