{"stats":{"minecraft:killed_by":{"grimoireofgaia:bone_knight":2,"grimoireofgaia:deathword":1,"grimoireofgaia:nine_tails":2,"grimoireofgaia:flesh_lich":1,"grimoireofgaia:mimic":1},"minecraft:killed":{"minecraft:spider":1,"minecraft:creeper":1,"minecraft:sheep":3,"minecraft:skeleton":4,"minecraft:zombie":4},"minecraft:dropped":{"gravestone:obituary":7,"tacz:modern_kinetic_gun":2,"minecraft:wooden_pickaxe":1},"minecraft:crafted":{"minecraft:stone_shovel":2,"minecraft:crafting_table":1,"minecraft:spruce_planks":28,"minecraft:wooden_pickaxe":1,"minecraft:cooked_salmon":1,"tacz:gun_smith_table":1,"minecraft:copper_ingot":120,"minecraft:stone":3,"minecraft:stone_axe":1,"minecraft:raw_copper_block":20,"minecraft:cooked_mutton":3,"minecraft:air":0,"biomesoplenty:fir_planks":24,"minecraft:charcoal":9,"minecraft:stick":24,"minecraft:iron_ingot":89,"minecraft:iron_pickaxe":1,"minecraft:stone_pickaxe":4,"minecraft:wooden_axe":1,"minecraft:iron_block":1,"minecraft:stonecutter":1,"minecraft:gold_ingot":3,"minecraft:white_bed":1,"minecraft:spruce_boat":1,"minecraft:torch":20},"minecraft:custom":{"minecraft:interact_with_furnace":69,"minecraft:mob_kills":13,"minecraft:interact_with_crafting_table":33,"minecraft:time_since_death":35444,"minecraft:sleep_in_bed":7,"minecraft:time_since_rest":2038,"minecraft:sprint_one_cm":218152,"minecraft:damage_taken":1990,"minecraft:walk_one_cm":379487,"minecraft:damage_blocked_by_shield":1410,"minecraft:drop":10,"minecraft:damage_dealt":2585,"minecraft:swim_one_cm":659,"minecraft:fly_one_cm":178135,"minecraft:open_chest":62,"minecraft:crouch_one_cm":4871,"minecraft:play_time":100058,"minecraft:deaths":7,"minecraft:sneak_time":1704,"minecraft:walk_under_water_one_cm":3805,"minecraft:boat_one_cm":15678,"minecraft:jump":1232,"minecraft:walk_on_water_one_cm":8355,"minecraft:total_world_time":100058,"minecraft:fall_one_cm":25188},"minecraft:used":{"minecraft:cooked_mutton":3,"minecraft:stone_shovel":265,"minecraft:stone_pickaxe":524,"tacz:gun_smith_table":2,"minecraft:shield":39,"minecraft:wooden_pickaxe":45,"minecraft:stonecutter":1,"minecraft:cooked_salmon":1,"minecraft:rotten_flesh":2,"minecraft:torch":23,"minecraft:dirt":221,"minecraft:crafting_table":5,"minecraft:red_bed":2,"minecraft:white_bed":1,"minecraft:spruce_boat":1,"minecraft:wooden_axe":23,"minecraft:iron_pickaxe":52,"minecraft:spruce_sapling":1,"minecraft:stone_axe":43,"minecraft:cobblestone":15,"minecraft:andesite":21},"minecraft:mined":{"minecraft:deepslate_redstone_ore":1,"minecraft:white_bed":1,"minecraft:red_bed":2,"minecraft:crafting_table":5,"minecraft:torch":3,"minecraft:granite":17,"gravestone:gravestone":7,"minecraft:grass_block":147,"minecraft:copper_ore":74,"minecraft:spruce_leaves":1,"minecraft:lapis_ore":2,"tacz:gun_smith_table":1,"minecraft:diorite":8,"biomesoplenty:tundra_shrub":30,"minecraft:wall_torch":1,"minecraft:redstone_ore":16,"biomesoplenty:toadstool":1,"minecraft:iron_ore":104,"minecraft:spruce_log":7,"minecraft:andesite":25,"biomesoplenty:fir_log":17,"minecraft:grass":48,"minecraft:coal_ore":30,"minecraft:deepslate_iron_ore":1,"minecraft:gravel":35,"minecraft:dirt":154,"minecraft:stone":332,"minecraft:gold_ore":3,"minecraft:fern":87},"minecraft:picked_up":{"minecraft:crafting_table":5,"minecraft:andesite":25,"biomesoplenty:fir_sapling":2,"biomesoplenty:fir_log":15,"minecraft:potion":1,"minecraft:flint":4,"minecraft:shield":1,"minecraft:gunpowder":2,"minecraft:lapis_lazuli":15,"minecraft:red_bed":2,"minecraft:dirt":304,"minecraft:raw_copper":259,"tacz:ammo":60,"minecraft:bone":6,"minecraft:wheat_seeds":13,"minecraft:gold_nugget":1,"minecraft:raw_gold":3,"biomesoplenty:fir_planks":1,"minecraft:iron_nugget":2,"tacz:gun_smith_table":1,"minecraft:stick":1,"biomesoplenty:toadstool":4,"minecraft:raw_iron":102,"minecraft:torch":4,"minecraft:gravel":36,"tacz:attachment":1,"minecraft:spruce_sapling":1,"minecraft:diorite":8,"minecraft:white_bed":1,"minecraft:spruce_log":7,"minecraft:redstone":73,"minecraft:arrow":1,"minecraft:rotten_flesh":4,"tacz:modern_kinetic_gun":6,"minecraft:spruce_boat":1,"minecraft:granite":19,"minecraft:mutton":3,"minecraft:coal":30,"minecraft:white_wool":3,"minecraft:cobblestone":333},"minecraft:broken":{"minecraft:stone_pickaxe":4,"minecraft:stone_shovel":2}},"DataVersion":3465}