{"stats":{"minecraft:killed_by":{"grimoireofgaia:flesh_lich":1,"grimoireofgaia:bone_knight":2,"grimoireofgaia:deathword":1,"grimoireofgaia:nine_tails":2,"grimoireofgaia:mimic":1},"minecraft:killed":{"minecraft:spider":1,"minecraft:skeleton":6,"minecraft:pig":1,"minecraft:creeper":1,"grimoireofgaia:oni":1,"minecraft:sheep":3,"minecraft:zombie":5,"minecraft:cow":4},"minecraft:dropped":{"gravestone:obituary":7,"tacz:modern_kinetic_gun":2,"minecraft:wooden_pickaxe":1},"minecraft:crafted":{"minecraft:stone_shovel":2,"minecraft:stone":3,"minecraft:raw_copper_block":23,"minecraft:cooked_mutton":3,"minecraft:stone_pickaxe":9,"minecraft:chest":3,"minecraft:spruce_boat":1,"minecraft:crafting_table":1,"minecraft:spruce_planks":28,"minecraft:enchanting_table":1,"minecraft:wooden_pickaxe":1,"tacz:gun_smith_table":1,"minecraft:cooked_salmon":3,"minecraft:copper_ingot":120,"minecraft:bucket":1,"minecraft:stone_axe":1,"minecraft:air":0,"biomesoplenty:fir_planks":48,"minecraft:book":1,"minecraft:paper":3,"minecraft:charcoal":14,"minecraft:diamond_pickaxe":1,"minecraft:stick":44,"minecraft:iron_ingot":108,"minecraft:iron_pickaxe":1,"minecraft:wooden_axe":1,"minecraft:iron_block":1,"minecraft:gold_ingot":3,"minecraft:stonecutter":1,"minecraft:white_bed":1,"minecraft:torch":40},"minecraft:custom":{"minecraft:mob_kills":23,"minecraft:interact_with_crafting_table":43,"minecraft:bell_ring":1,"minecraft:time_since_death":95444,"minecraft:sprint_one_cm":276057,"minecraft:walk_one_cm":548510,"minecraft:damage_blocked_by_shield":2400,"minecraft:drop":10,"minecraft:play_time":160058,"minecraft:deaths":7,"minecraft:sneak_time":6882,"minecraft:walk_under_water_one_cm":11233,"minecraft:boat_one_cm":15678,"minecraft:jump":1864,"minecraft:walk_on_water_one_cm":20367,"minecraft:total_world_time":160058,"minecraft:interact_with_furnace":73,"minecraft:interact_with_stonecutter":1,"minecraft:sleep_in_bed":8,"minecraft:time_since_rest":47731,"minecraft:damage_taken":2430,"minecraft:damage_dealt":4430,"minecraft:swim_one_cm":3326,"minecraft:fly_one_cm":234924,"minecraft:open_chest":84,"minecraft:crouch_one_cm":20618,"minecraft:fall_one_cm":30707},"minecraft:used":{"minecraft:stone_shovel":265,"tacz:gun_smith_table":2,"minecraft:chest":2,"minecraft:shield":72,"minecraft:cooked_salmon":3,"minecraft:rotten_flesh":2,"minecraft:torch":41,"minecraft:dirt":221,"minecraft:spruce_boat":1,"minecraft:wooden_axe":23,"minecraft:sweet_berries":35,"minecraft:cobbled_deepslate":1,"minecraft:cooked_mutton":3,"minecraft:water_bucket":2,"minecraft:stone_pickaxe":1179,"minecraft:wooden_pickaxe":45,"minecraft:stonecutter":1,"minecraft:crafting_table":7,"minecraft:red_bed":2,"minecraft:white_bed":1,"minecraft:deepslate_brick_stairs":180,"minecraft:diamond_pickaxe":5,"minecraft:iron_pickaxe":121,"minecraft:spruce_sapling":1,"minecraft:stone_axe":76,"minecraft:cobblestone":147,"minecraft:andesite":50,"minecraft:bucket":3},"minecraft:mined":{"minecraft:tuff":46,"minecraft:white_bed":1,"minecraft:deepslate_diamond_ore":5,"minecraft:obsidian":4,"gravestone:gravestone":7,"minecraft:granite":17,"minecraft:grass_block":148,"minecraft:spruce_leaves":1,"tacz:gun_smith_table":1,"biomesoplenty:tundra_shrub":30,"minecraft:redstone_ore":16,"biomesoplenty:toadstool":1,"minecraft:iron_ore":115,"minecraft:andesite":79,"minecraft:dirt_path":2,"minecraft:deepslate_iron_ore":1,"minecraft:deepslate_brick_stairs":6,"minecraft:stone":436,"minecraft:deepslate_redstone_ore":6,"minecraft:red_bed":2,"minecraft:powder_snow":24,"minecraft:crafting_table":7,"minecraft:torch":3,"minecraft:chest":1,"minecraft:cobblestone":12,"minecraft:copper_ore":85,"minecraft:lapis_ore":2,"minecraft:sugar_cane":21,"minecraft:diorite":12,"minecraft:wall_torch":1,"minecraft:sweet_berry_bush":2,"minecraft:spruce_log":7,"biomesoplenty:fir_log":17,"minecraft:grass":48,"minecraft:coal_ore":30,"minecraft:dirt":167,"minecraft:gravel":42,"minecraft:gold_ore":11,"minecraft:deepslate":437,"minecraft:fern":88},"minecraft:picked_up":{"minecraft:crafting_table":7,"minecraft:potion":1,"minecraft:shield":1,"minecraft:string":2,"minecraft:red_bed":2,"minecraft:raw_copper":293,"tacz:ammo":60,"minecraft:gold_nugget":1,"minecraft:cobbled_deepslate":435,"biomesoplenty:fir_planks":1,"minecraft:beef":6,"minecraft:iron_nugget":3,"minecraft:chest":1,"minecraft:sugar_cane":17,"minecraft:stick":1,"minecraft:raw_iron":110,"minecraft:torch":4,"minecraft:porkchop":1,"tacz:attachment":1,"minecraft:diorite":11,"minecraft:redstone":97,"minecraft:arrow":2,"minecraft:rotten_flesh":6,"minecraft:deepslate_brick_stairs":6,"minecraft:mutton":3,"minecraft:obsidian":4,"minecraft:white_wool":3,"minecraft:cobblestone":443,"minecraft:andesite":79,"minecraft:leather":5,"minecraft:potato":2,"biomesoplenty:fir_sapling":2,"biomesoplenty:fir_log":15,"minecraft:flint":8,"minecraft:tuff":46,"minecraft:gunpowder":2,"minecraft:lapis_lazuli":15,"minecraft:dirt":320,"minecraft:bone":8,"minecraft:wheat_seeds":13,"minecraft:raw_gold":11,"tacz:gun_smith_table":1,"biomesoplenty:toadstool":4,"minecraft:sweet_berries":32,"minecraft:gravel":45,"minecraft:spruce_sapling":1,"minecraft:white_bed":1,"minecraft:spruce_log":7,"minecraft:diamond":5,"minecraft:spruce_boat":1,"tacz:modern_kinetic_gun":7,"minecraft:granite":19,"minecraft:bread":1,"minecraft:coal":33},"minecraft:broken":{"minecraft:stone_pickaxe":9,"minecraft:stone_shovel":2}},"DataVersion":3465}