{
  "minecraft:recipes/decorations/crafting_table": {
    "criteria": {
      "unlock_right_away": "2024-06-23 18:34:15 +0000"
    },
    "done": true
  },
  "minecraft:adventure/adventuring_time": {
    "criteria": {
      "minecraft:taiga": "2024-06-23 19:12:27 +0000",
      "minecraft:stony_shore": "2024-06-23 19:06:32 +0000",
      "minecraft:snowy_taiga": "2024-06-23 18:34:16 +0000",
      "minecraft:grove": "2024-06-23 18:57:56 +0000"
    },
    "done": false
  },
  "grimoireofgaia:main/root": {
    "criteria": {
      "join": "2024-06-23 18:57:44 +0000"
    },
    "done": true
  },
  "DataVersion": 3465
}